time,type,amount,oldbalanceOrg,newbalanceOrig,oldbalanceDest,newbalanceDest,is_fraud
305711,PAYMENT,14.83,441.96,346.47402768129024,974.21,959.8193795930333,1
1484405,PAYMENT,3.63,5230.51,5308.171480329875,1422.83,1400.509010434731,1
2215104,PAYMENT,42.52,784.48,807.6595298313239,131.64,153.38400539236346,1
963395,PAYMENT,11.82,1340.51,1380.5309024683727,4566.52,4563.725840888721,1
2249467,PAYMENT,17.25,55.7,61.73877237281276,2161.05,2089.7493366778876,1
2456935,PAYMENT,14.61,2121.59,2051.1686003820632,2585.19,2560.73718970685,1
2219731,TRANSFER,81.81,5141.83,5058.619545100828,435.44,558.044955520687,1
1659157,CASH_OUT,20.88,1712.3,1679.0596936499885,1772.47,1804.361043670905,1
2545394,PAYMENT,2.82,525.91,553.5052368509963,2193.06,2135.1225691715094,1
374564,PAYMENT,11.73,4718.51,4689.230864053073,3083.83,3114.2717578087327,1
736326,CASH_OUT,263.12,6680.78,6372.9360188841665,1542.84,1821.57664675293,1
310744,CASH_OUT,22.07,9969.29,9868.642758999622,2831.52,2814.31813394863,1
839052,DEBIT,16.19,114.47,159.51006329381136,689.66,678.6977842313097,1
541377,TRANSFER,11.07,6427.24,6377.37836842289,5216.37,5276.263994234566,1
2467927,PAYMENT,23.24,311.6,293.6849312813177,1036.49,1134.2405592919447,1
2082990,PAYMENT,1.06,948.23,1015.6339289354978,1511.43,1515.2049047180878,1
887633,PAYMENT,30.61,3620.52,3605.875935082686,3161.29,3280.7955663376183,1
606745,TRANSFER,32.28,149.34,167.67789081800154,1031.57,1067.3564169627714,0
2070600,CASH_OUT,26.48,614.58,521.7029997040207,5572.04,5597.729485118977,1
924425,PAYMENT,1.19,750.11,736.5755916123601,1715.04,1770.5023923380766,1
332752,PAYMENT,5.73,5248.07,5319.0722425447675,3384.1,3441.6309375395754,1
2527987,DEBIT,29.29,104.04,136.07950435919003,2478.29,2459.6804680394966,1
532165,CASH_OUT,44.03,4846.08,4818.457352022739,578.84,717.8154356648022,1
441170,TRANSFER,29.79,1409.6,1415.7107209668852,867.97,867.7570949416942,1
1419224,TRANSFER,26.1,1442.54,1347.6607835980967,3275.28,3259.4284437758092,1
556209,DEBIT,3.28,3756.31,3722.7523760513313,1534.32,1538.3254302117891,1
2327283,TRANSFER,24.28,4372.17,4369.880439968547,693.28,685.4273397904778,1
1098387,PAYMENT,15.15,1541.32,1521.899202781516,2555.83,2608.037199736256,1
724115,CASH_OUT,6.0,1332.1,1378.731370889049,1170.62,1256.5878301002342,1
473998,PAYMENT,20.58,678.81,740.4217557091334,2983.01,3120.838391293996,1
1170720,PURCHASE,142.88,918.7,798.7000758220162,4337.38,4509.4932488228405,1
1133241,DEBIT,22.57,2709.45,2700.4226208081554,4227.06,4208.390347472682,1
1430143,PAYMENT,13.76,4156.05,4033.1996616590727,3701.43,3658.0712428952115,1
1563167,CASH_OUT,7.33,1431.09,1434.3647730732682,2059.33,2015.6855216198433,1
1884874,PAYMENT,112.42,2627.79,2450.1599283176015,517.38,583.538472450844,1
2574580,DEBIT,15.33,1175.53,1164.276488159717,515.08,535.7070852602646,1
2534258,DEBIT,52.54,1690.96,1653.2495970687323,711.01,811.5035841606741,1
410807,TRANSFER,155.45,2389.62,2266.73589998369,1352.94,1508.5161113033964,1
320290,PAYMENT,19.53,3026.4,2987.234355127592,1750.99,1866.3151500534022,1
1943680,TRANSFER,29.19,1324.34,1331.9861960188446,4540.51,4540.566346263389,1
1009792,PAYMENT,14.93,3730.76,3684.0077643351706,307.46,347.2038631525906,1
1924149,TRANSFER,42.69,5967.77,5915.439480751143,624.88,716.5850272375835,1
1120133,CASH_OUT,2.04,3774.24,3702.399092508,5216.72,5163.540982751211,1
1669455,PAYMENT,3.9,3406.23,3432.4320815120927,2845.09,2788.735661012562,1
1094020,PAYMENT,45.44,1275.3,1233.7345947509261,4788.31,4784.425249276048,1
771689,TRANSFER,24.12,3876.54,3771.725591156151,176.62,224.8641362753621,1
570810,PAYMENT,42.02,5579.26,5555.268742279178,627.83,734.7730886090862,1
2184056,PAYMENT,36.3,5174.32,5142.502237324433,1837.6,1839.8971768153951,1
20737,TRANSFER,22.28,318.69,290.2199187849829,2911.47,2913.9073735804827,1
1570113,CASH_OUT,17.69,1175.81,1189.0714166260705,5647.51,5749.761570424212,1
354361,PAYMENT,17.42,2836.65,2812.5568036611166,2771.46,2783.015806803985,0
47883,CASH_OUT,21.17,1391.53,1361.8940445847086,1013.58,1031.9425214523462,1
1810862,TRANSFER,2.82,1386.59,1352.2354651329492,558.73,606.3040401442252,1
86107,DEBIT,6.72,356.81,411.1274455279651,2640.73,2655.234889389685,1
1755747,PAYMENT,13.86,299.87,327.7026002301712,3131.74,3132.1055261320325,1
1844789,CASH_OUT,9.27,5489.13,5577.693899634201,1837.32,1861.4020624551085,1
1458090,PAYMENT,8.84,905.19,906.227669710613,1165.35,1114.3042986837759,1
536660,PAYMENT,19.64,1359.25,1389.3424671710343,4565.79,4549.1015174714,1
2083019,PURCHASE,40.65,2870.76,2782.530414053373,1945.39,1904.2559745752858,1
397636,PAYMENT,47.4,6031.49,6039.16815751002,401.06,386.588660370468,1
2071492,PAYMENT,39.79,5747.34,5677.877640751542,296.18,354.7566486906579,1
1917999,TRANSFER,55.55,2585.18,2600.5664427080296,2264.08,2318.6238632897093,1
1259508,PAYMENT,11.56,311.5,299.2441498312996,5777.37,5789.319210304605,1
758915,PAYMENT,52.19,733.43,738.2925050206036,1321.37,1363.1742660052823,1
783308,CASH_OUT,97.77,2775.18,2642.46522526993,679.58,797.9686568882121,1
1554408,CASH_OUT,14.01,2065.61,2060.2695371702534,27.25,76.27031813205998,1
1314638,PURCHASE,72.59,1204.01,1129.8323723274607,1866.59,1993.0038322787373,1
2106511,DEBIT,8.79,4125.9,4180.682027345813,747.74,700.3763150573868,1
378516,PURCHASE,38.29,2282.7,2260.027858904065,1717.56,1843.885352759858,1
1223907,PAYMENT,3.17,5109.4,5101.613950846883,4550.88,4578.085184495762,1
1989562,PAYMENT,13.69,3162.25,3166.863636436524,757.62,800.6203614920307,0
502479,PAYMENT,6.23,5465.59,5514.5031230022705,908.56,913.1986375029862,1
101261,PAYMENT,25.79,8058.8,8061.072839327894,3449.6,3540.26159668448,1
341845,PAYMENT,30.29,5969.37,5938.0185541742485,2344.77,2377.303286259506,1
2094385,PAYMENT,215.7,3488.75,3273.8966363397526,3579.64,3803.2321060914433,1
108101,PAYMENT,10.1,3047.44,3067.5549627712703,1306.96,1317.6135203299696,1
1259689,PURCHASE,34.3,180.27,151.70410869164104,2088.76,2157.65057514099,1
1513123,CASH_OUT,168.35,7939.96,7711.759713252536,2622.23,2703.013316971236,1
2409920,PAYMENT,64.69,683.93,690.1938300023959,65.87,51.73205189571135,1
1793119,DEBIT,109.95,3638.2,3490.9931392059448,236.81,425.5892857877427,1
1810688,CASH_OUT,8.93,1986.03,1960.4654518685502,6723.97,6738.610327572936,1
233138,PAYMENT,29.1,799.71,767.6347756896221,91.46,109.70952113098173,1
1697698,PAYMENT,18.75,6715.17,6723.19227939977,1633.17,1724.053140885699,1
1139504,TRANSFER,141.64,590.93,478.2831334574064,6538.34,6662.487075905489,1
1132931,PAYMENT,9.96,4090.31,4135.65417204199,1191.3,1227.136306591374,1
852941,CASH_OUT,6.31,6650.18,6667.791955304957,1427.87,1454.7199584332552,1
217456,PURCHASE,32.38,2900.11,2812.6399913032396,706.6,698.3713618209999,1
1517543,CASH_OUT,22.74,918.1,888.5415550316176,6478.89,6496.263938169795,1
24777,CASH_OUT,19.19,5429.0,5423.909878908161,157.83,257.0424542067714,1
1960319,PAYMENT,286.15,710.52,394.14487703313307,1485.95,1815.1598893251592,1
538112,CASH_OUT,5.84,1175.69,1133.216553302776,1863.04,1923.6786015239445,1
1308554,PAYMENT,12.64,2556.55,2557.4144962265136,6269.97,6270.123086716201,1
2492786,PAYMENT,38.37,1545.22,1544.9291276715185,2018.37,2023.1025531886692,1
406059,PAYMENT,12.2,502.16,493.78315865168537,5052.09,5139.777059834065,1
340922,CASH_OUT,8.48,2245.57,2265.690813743123,63.75,40.96174500736312,1
298367,TRANSFER,4.34,3271.13,3322.289657341025,573.24,528.4128747982372,1
1038359,PAYMENT,19.27,9319.89,9313.62515106624,3043.92,3080.1592924825986,0
1824443,PURCHASE,50.09,77.42,58.397414368654005,1540.37,1550.2555026868463,1
2420866,TRANSFER,83.73,7100.37,6971.501583567024,2443.92,2518.376637551711,1
792953,PURCHASE,29.96,1600.6,1570.6674393742212,1543.35,1542.8539174664047,1
2578530,TRANSFER,22.87,4703.1,4616.681908032619,2598.82,2595.4483421282594,1
2547262,TRANSFER,5.07,2148.18,2125.843923785794,2898.08,2865.9240794901148,1
861091,PAYMENT,22.6,1231.05,1198.5285446167761,3100.89,3141.0343059616066,1
1145566,PAYMENT,6.65,133.9,178.80940086300126,3919.27,3984.9760955909046,1
108483,TRANSFER,74.85,3137.53,3142.2603239627565,7379.42,7419.70152286128,1
383570,CASH_OUT,297.04,2468.81,2165.8627591335694,2022.21,2272.136362219199,1
838371,PAYMENT,67.05,1264.61,1181.3248466133432,2393.93,2598.3757093687323,1
772658,PURCHASE,12.56,2905.47,2944.4599783763792,1785.37,1740.9430223820111,1
818217,CASH_OUT,71.93,5208.95,5085.748908578626,2082.64,2228.3951189078393,1
1113146,PAYMENT,8.0,6656.72,6633.320356501772,2009.52,2046.2639197916735,1
449572,TRANSFER,103.31,878.41,689.2587959957115,2754.04,2862.3980060813997,1
2513674,PAYMENT,15.24,4090.99,4059.90538752308,561.97,507.0702264987913,1
1609814,CASH_OUT,39.28,7110.67,7071.415367752955,3274.51,3243.6878862560216,1
900139,TRANSFER,36.94,4330.88,4230.438681646156,87.98,132.44953105988708,1
2437992,CASH_OUT,72.59,4057.37,4064.461442919018,42.4,201.57118187445587,1
1796107,PAYMENT,51.97,526.68,432.37542557623397,3371.27,3431.8434942777917,1
2341634,PURCHASE,47.28,2390.31,2272.99820785622,2561.98,2623.2615676397345,1
2177056,PURCHASE,52.08,10925.18,10917.366757056718,5261.73,5290.575867939178,1
2430134,PAYMENT,4.47,1166.0,1172.292638115797,446.58,357.24672502761535,1
1475712,TRANSFER,11.75,2964.21,2998.405984402008,766.32,775.3241544264893,1
351014,DEBIT,11.16,932.13,895.2750344502616,1587.31,1574.3538200680052,1
2466067,PAYMENT,39.09,1230.36,1177.0303374245213,981.73,951.6481915389757,1
1545390,PAYMENT,15.2,3.26,0.0,324.19,261.5428122887712,1
2471466,CASH_OUT,70.28,557.6,562.3954152990815,3759.35,3794.3885727423713,1
374131,PURCHASE,25.86,782.13,799.5307385436353,2733.55,2702.8879864419036,1
2475192,TRANSFER,42.69,1303.81,1306.7820391790037,402.56,521.3373277491684,1
352893,PAYMENT,533.42,7794.5,7392.055155818567,3474.28,4019.8155930357534,1
1213186,PAYMENT,44.61,1440.9,1332.891599450754,1241.32,1234.8062993582903,1
2047491,CASH_OUT,5.26,2706.35,2659.239546614559,2566.68,2563.837322783684,1
1677163,CASH_OUT,22.98,3169.58,3193.1251029391606,2188.59,2247.800479283738,1
1178893,PAYMENT,6.1,2263.64,2276.4345381668422,3635.19,3604.128252711606,1
1062216,PURCHASE,37.95,934.68,891.7165588523378,4325.77,4373.831470455026,1
2536031,DEBIT,26.76,2406.56,2381.256108582021,4573.76,4658.5574998226875,1
1052488,CASH_OUT,5.17,350.01,335.59359655434724,4338.12,4292.300077516566,1
2278810,PAYMENT,39.84,1358.38,1349.6316194728643,6035.58,6138.771418401712,1
1070328,PAYMENT,16.02,2036.86,2022.7115990239326,173.04,154.4131133000577,1
1826996,CASH_OUT,43.36,4151.67,4134.659993186013,921.72,887.1632476653037,1
2579436,CASH_OUT,15.78,5861.56,5896.787513398083,3953.27,3991.225871157689,1
1580861,TRANSFER,14.32,4464.43,4509.963079270477,1668.94,1624.736813694386,1
237507,PAYMENT,28.35,1727.98,1694.7222965097358,4481.56,4498.773662534793,1
1118957,PAYMENT,8.28,3514.18,3548.399400341945,5518.86,5556.2507605765795,1
2413564,CASH_OUT,3.86,4718.94,4671.181905604441,1465.09,1437.3604541315683,1
1813078,PAYMENT,2.33,3410.47,3348.0488726465683,4086.23,4102.2882502983675,1
1379789,DEBIT,108.14,885.02,801.0747853938036,4837.32,4995.3815029841235,1
91757,PAYMENT,17.85,451.7,501.1461941131116,4969.43,4888.277816976236,1
1047224,PURCHASE,2.46,696.13,746.5065455369541,3011.21,2978.751727303492,1
937112,PAYMENT,38.83,1206.7,1054.8264519886297,4624.09,4669.025117187694,1
2458734,PAYMENT,21.02,5293.49,5262.500650175706,248.97,276.5650121635974,1
639001,PAYMENT,5.92,2926.64,2878.9974749503263,178.47,206.9971334049123,1
2467280,PURCHASE,40.38,2199.87,2186.0973109719257,648.14,672.4009957599249,1
2099065,PAYMENT,15.14,1657.4,1572.9434134129535,3160.32,3190.3665189793655,1
1493878,PURCHASE,15.0,520.43,459.8624239908454,2385.87,2475.3947163242487,1
13429,PAYMENT,13.26,2587.31,2594.5120219887644,2231.27,2168.8051690877787,1
124349,PAYMENT,9.35,4612.39,4559.523266026566,6080.4,6060.993055360068,1
276051,CASH_OUT,5.65,557.63,589.2069019506018,1936.72,1960.3944700740674,1
1870497,PAYMENT,88.83,5105.41,5032.4208398048995,798.13,756.8672954455404,1
1451880,PAYMENT,27.01,59.61,0.0,5557.23,5578.596664345751,1
115616,DEBIT,7.99,230.61,211.76919966527177,438.91,441.1626778389379,1
1108731,CASH_OUT,11.29,5733.85,5675.54725436706,2748.21,2752.8071912492646,1
1742150,TRANSFER,106.57,5063.88,4846.723652736806,4779.61,4925.51581025223,1
1091871,PAYMENT,61.21,2309.49,2250.240467057123,64.2,148.7505967242024,1
74253,PAYMENT,162.05,3491.22,3328.5901238699075,454.85,717.62809747439,1
165560,CASH_OUT,5.98,1099.38,1115.9021023392272,793.7,773.9538416916415,1
628777,TRANSFER,186.61,1507.64,1247.8944714586373,3589.84,3752.552822242497,1
248082,CASH_OUT,101.77,729.25,617.1142949391805,3670.01,3748.8139361095127,1
2244136,PAYMENT,17.85,4734.47,4736.300405888485,1834.23,1888.2632757472295,1
1392847,TRANSFER,7.29,3756.49,3827.2845017833947,1543.95,1578.4913880641247,1
1850123,PAYMENT,24.97,7445.35,7428.062219369746,2331.25,2429.2856624749215,1
2478246,PAYMENT,20.37,3439.71,3418.96142000784,906.99,955.5169092269067,1
2280797,PAYMENT,11.09,2641.42,2591.63131148906,1296.93,1240.5379883220935,1
225273,PAYMENT,98.63,808.25,648.6314943340287,2879.61,2913.1370991174244,1
251009,PAYMENT,25.15,3439.69,3438.3170957929074,3990.1,3927.3220684856665,1
457439,DEBIT,6.96,33.5,0.0,54.56,21.417923825900267,1
1812342,CASH_OUT,48.9,1234.05,1217.8787098444463,2445.61,2556.581573218642,1
909528,PAYMENT,38.24,1227.84,1180.9617637714132,998.24,1166.7302719285378,1
2403282,PAYMENT,86.82,2536.49,2379.3674423864677,2203.02,2281.4631465122297,1
267247,PAYMENT,22.49,2069.48,2086.415042306096,2206.65,2224.6891837613753,1
1607914,PAYMENT,3.01,4636.77,4631.1372833965825,326.63,344.4519357922262,1
2492108,TRANSFER,52.51,1108.81,1144.038555576551,2048.19,2023.412732351012,1
1365990,DEBIT,6.51,1530.03,1501.8215899755403,4967.37,4941.70797861104,1
1382102,PURCHASE,19.34,783.65,911.6860282120427,2543.2,2534.4254446838586,1
2470910,PAYMENT,2.0,5588.71,5541.3475597507595,3.19,0.0,1
2276029,PURCHASE,17.85,3032.63,3042.840573133102,1988.18,1921.141427233783,1
2307688,TRANSFER,5.26,3801.78,3839.4994758012635,786.15,790.0409111181515,1
1606794,TRANSFER,18.21,2256.12,2300.5855719413876,3776.88,3831.765972193711,1
2143926,PAYMENT,27.44,1608.61,1564.9330120767709,3995.05,4015.283839493696,1
1373605,PAYMENT,12.58,1339.36,1363.7306932059328,1397.43,1420.9575984706532,1
147069,PAYMENT,11.99,4037.57,4056.309139571513,3823.88,3844.147902041888,1
1506972,PAYMENT,12.53,641.59,676.3616236482928,1487.01,1427.597551724481,1
1932776,PAYMENT,21.09,790.49,734.7452875984875,1351.88,1468.241503176833,1
1647362,TRANSFER,10.46,2454.56,2437.0380798885144,6159.47,6145.568144859934,1
2160155,DEBIT,103.72,2887.27,2648.247384194479,1428.61,1574.582496421976,0
1396691,CASH_OUT,8.37,4109.5,4049.0335988096645,502.55,462.22956333542845,1
1511731,PAYMENT,6.29,4355.99,4305.824110649208,731.44,764.8845164864923,1
1133493,CASH_OUT,48.66,7331.44,7279.760420460426,4232.04,4195.122034587279,1
1392195,PAYMENT,50.16,642.08,562.8297267927611,4451.82,4576.506109055347,1
82727,PURCHASE,15.52,898.28,814.2759102794797,2246.09,2227.7712379112727,1
657481,CASH_OUT,15.92,1058.19,1091.453072404993,2954.59,2859.741137015128,1
700713,PAYMENT,1.41,1851.38,1937.1500564949338,1520.88,1474.818342756007,1
1047447,PAYMENT,39.61,3088.62,2971.8987325769986,1609.54,1620.483365303229,1
1793923,CASH_OUT,1.46,3298.21,3311.5872455588415,897.91,821.4079360438685,1
659246,DEBIT,22.36,1338.61,1214.2696002592122,722.53,805.8242722981993,1
1614554,PAYMENT,104.06,5363.03,5346.247217391786,5331.04,5405.333810646379,1
736108,PAYMENT,23.9,1044.22,1039.3714209155967,517.39,432.817115196193,1
1124099,PURCHASE,25.22,5663.96,5544.304983725026,3533.09,3492.5494301897465,0
113417,CASH_OUT,16.37,4084.81,4061.57597325147,722.83,740.5569504118764,1
1437066,DEBIT,173.24,1908.64,1761.9925798291908,184.44,378.884116984274,1
1175067,PAYMENT,98.85,5404.77,5295.173529901169,40.49,146.03977998861407,1
1130695,PAYMENT,3.76,908.3,870.2009028389078,1560.0,1464.9834019832485,1
2590119,PAYMENT,34.2,2864.32,2885.832020417837,2935.89,2904.384005933887,1
2140501,PAYMENT,17.88,3144.67,3183.839441798197,164.23,201.91555832957073,1
2304802,PAYMENT,3.97,2018.87,2050.6390560419286,2916.08,2896.55883796812,1
2271138,TRANSFER,4.4,97.75,122.22079092596431,2667.48,2679.132204730738,1
1250392,PAYMENT,8.66,3150.95,3097.1739574069243,1433.49,1455.0170338030596,1
506501,PAYMENT,74.49,5849.68,5816.17944834183,5952.62,6042.119392675602,1
378624,PAYMENT,27.09,5553.66,5651.209316469439,1421.36,1354.076060732263,1
2406690,PURCHASE,57.72,368.14,329.7798106296303,2587.66,2595.5439547711335,1
1253573,PAYMENT,23.28,4615.41,4490.737374868586,2680.98,2675.886399078489,1
2360190,DEBIT,38.3,2424.71,2420.6387423486326,736.77,838.2486629332755,1
1490000,PAYMENT,28.49,1567.37,1585.9960597393783,1563.71,1636.8689002376448,1
1343624,TRANSFER,31.98,712.16,718.8263207981745,3634.71,3655.766723558198,1
2529409,PAYMENT,4.1,4035.88,4014.689352615351,1153.98,1161.6273321614922,1
1894609,PAYMENT,94.78,1847.71,1810.332739979722,2544.94,2628.2947542571214,1
112931,PAYMENT,7.96,3687.01,3685.5409796036733,5114.13,5156.583485028967,1
1652088,PAYMENT,1.44,2711.97,2724.118544222825,2847.11,2907.914585377133,1
2428251,PAYMENT,4.46,150.14,188.41876318100566,2462.26,2488.2733403467223,1
344232,PAYMENT,12.66,1186.89,1190.0883627369033,319.83,390.60298058201244,1
2525988,PAYMENT,6.47,7386.99,7328.191518137038,3864.91,3880.6074626897203,1
897200,PAYMENT,22.89,422.14,418.8918296080448,3945.87,3881.950233695617,1
1630716,PAYMENT,245.37,6732.07,6470.345502802568,341.44,530.9122396343647,1
2046755,PAYMENT,274.82,2615.8,2328.4927033078707,2027.53,2221.764026458849,1
101490,PURCHASE,28.16,2911.75,2858.667989061125,2312.44,2395.947211565312,1
284446,PAYMENT,6.81,1323.97,1299.5008380621412,4807.39,4782.075880758994,1
1810578,CASH_OUT,8.43,3357.35,3373.5648097086373,2123.39,2083.996474331405,1
2282769,PAYMENT,26.55,2815.46,2793.5706251894767,562.91,540.9130607379525,1
2046292,PAYMENT,11.31,7302.01,7238.866235153835,842.9,756.3458010602857,1
156556,PURCHASE,4.34,5675.51,5537.964875057418,682.15,638.0714402854863,1
1020460,PAYMENT,115.31,2213.96,2183.356139061232,1492.28,1581.9548983020265,1
1258357,PAYMENT,15.81,3500.04,3609.4024363173203,2220.9,2303.1933230937248,1
963906,PAYMENT,12.68,2520.03,2516.9719991293423,1077.61,1174.1957179677365,1
2190959,PAYMENT,9.56,512.06,531.3781508733127,2375.65,2360.981794225199,1
1933735,CASH_OUT,168.78,1150.9,996.6952644141891,1121.24,1235.452010459428,1
1437223,TRANSFER,23.32,511.0,552.1906803527837,4500.89,4567.82820330528,1
1769419,TRANSFER,52.32,492.55,481.10244558812735,3452.4,3532.562565067072,1
2289297,DEBIT,21.57,3910.95,3812.6197418068796,3292.66,3323.924738264411,1
1170118,PAYMENT,186.0,10688.39,10572.525217302456,2793.14,2855.9713346612266,1
623559,PURCHASE,5.39,1912.16,1996.7989128823817,1166.49,1204.5727189191075,1
233746,CASH_OUT,14.47,3230.4,3126.018829382907,436.87,443.5707721186253,1
2020435,TRANSFER,95.34,1847.33,1742.6871799273274,83.89,130.23484342394067,1
2175785,PAYMENT,12.02,1498.64,1481.0027996383744,2473.58,2450.1239040261203,1
1136733,PURCHASE,4.4,4550.83,4540.486631107456,2997.06,3002.556244101146,1
521390,PAYMENT,73.93,5139.78,5162.197858999487,966.74,1044.0682761310281,0
346610,PAYMENT,2.52,1554.55,1534.195708520924,602.72,629.2238766848518,0
2456032,DEBIT,18.36,3251.83,3156.624731216975,215.98,231.71578081624176,1
1390555,PAYMENT,215.68,6074.81,5857.825309332033,4634.24,4828.672188636149,1
1917257,PAYMENT,6.68,1108.72,1076.5011253035525,2755.65,2691.3345055855248,1
2575900,CASH_OUT,4.8,4733.19,4798.986279824553,330.09,384.53089019331287,1
802795,TRANSFER,81.99,611.95,594.0996591680137,3041.88,3016.4852037259834,1
449129,CASH_OUT,18.67,1172.94,1126.5877611140131,1079.58,1168.7031598330364,1
429952,PAYMENT,15.12,6162.8,6086.063764335704,1910.87,1955.889835686085,1
721936,PAYMENT,4.45,1923.36,1948.9008411759014,4121.0,4120.9508364829235,1
2154660,PAYMENT,2.37,1245.24,1241.7919293603447,654.31,701.6970730045009,1
615006,PAYMENT,8.26,2465.96,2420.7099109219844,4729.56,4741.65169219258,1
2431604,PURCHASE,38.85,734.36,587.748953169217,598.27,651.0998741424964,1
550195,CASH_OUT,347.3,4891.47,4617.019841440163,790.5,1188.5716406041577,1
1188792,DEBIT,9.53,1451.27,1441.7848049309102,437.12,371.8220573107752,1
1831771,PAYMENT,25.29,4398.11,4318.321721751021,2658.31,2731.9808912528565,1
1993821,PURCHASE,4.2,589.91,545.5086344920259,2403.45,2404.00211854301,1
772846,PAYMENT,55.22,473.77,481.2800193488702,173.77,142.30386132735492,1
324695,PAYMENT,85.01,1819.96,1839.5008842737961,1339.23,1392.775384047195,1
237728,CASH_OUT,6.94,6001.86,5988.509876695112,2529.56,2544.4657252862253,1
2492563,PURCHASE,28.97,716.91,733.815018939751,3330.94,3410.086344983028,1
1446472,PAYMENT,6.28,2023.77,2030.672019560975,131.91,216.01308899033572,1
448967,PAYMENT,28.56,1281.18,1302.889752459408,956.78,967.091629506563,1
838669,PAYMENT,74.58,1712.46,1668.2863319887508,3124.05,3233.3562464579904,1
2456890,TRANSFER,23.14,2537.94,2534.203570795402,642.46,685.3774122552464,1
382545,CASH_OUT,49.2,3664.41,3626.716862301972,55.43,91.86061805347128,1
824440,PURCHASE,26.73,2214.31,2259.3340873748375,2887.58,2962.5968744829647,1
322487,PAYMENT,10.13,540.98,565.9115581534711,1765.58,1811.7749051493572,1
43723,PAYMENT,229.21,5009.1,4716.359389782533,3736.16,3973.751971522009,1
450841,PAYMENT,3.46,4548.83,4598.893690685236,356.78,420.86707323523615,1
1662378,DEBIT,16.41,5330.19,5326.4240615267445,512.34,583.1885493643439,1
1781518,PAYMENT,17.82,1667.3,1549.2066263092606,3274.94,3304.092104989187,1
152022,DEBIT,26.77,7001.37,6942.249376807507,252.07,186.3756841639671,1
927004,CASH_OUT,12.61,1364.62,1393.3029150374641,1110.85,1040.9164990504885,1
1809684,DEBIT,18.19,4089.29,4087.2779748202825,2990.73,3076.807958239821,1
1802194,PURCHASE,6.74,2207.05,2239.9739867879935,2594.78,2639.258066834441,1
308758,TRANSFER,14.6,3757.3,3653.3559177786296,4920.2,4933.903632355061,1
1168611,PAYMENT,39.29,1467.83,1393.433609170164,984.34,1024.2166509011272,1
1884755,PAYMENT,9.83,409.93,472.57830707669837,4320.06,4295.468313239177,1
1606279,DEBIT,89.28,4313.23,4225.065318844873,2588.86,2768.0125083503335,1
629389,PAYMENT,17.76,1697.73,1679.9947648636676,1672.92,1736.3687253935393,1
158856,PAYMENT,5.91,5075.18,5026.775769956998,1867.94,1841.906871653584,1
1223887,TRANSFER,3.14,1380.22,1342.842547873759,1641.62,1667.0372681294712,1
2466820,CASH_OUT,10.97,3590.85,3552.3760282291355,2320.74,2324.0651250698797,1
39335,PAYMENT,38.78,1953.04,1881.0896179767853,4286.34,4362.682192255763,1
1479004,PURCHASE,34.26,2913.06,2854.8355978166896,1906.93,2047.0137486414537,1
183213,PAYMENT,248.95,612.28,282.93823720221866,3603.17,3844.9111169481957,1
2261578,PAYMENT,44.55,3395.02,3361.815769016786,1636.26,1556.2865153322566,1
997172,PAYMENT,47.69,5730.95,5763.431791477454,2416.83,2513.4898452572147,1
447470,PURCHASE,173.27,7729.08,7612.616448211092,1829.48,2062.4913239056027,1
269745,CASH_OUT,150.46,2381.76,2214.2240743774305,2839.4,3050.349320153397,1
1600731,PAYMENT,46.07,1832.59,1744.8406529078384,1095.89,1122.7093301079117,1
2370355,PAYMENT,116.72,2594.34,2493.424496793088,36.43,81.1974555238581,1
1114851,PAYMENT,17.51,2048.66,1938.6148591282713,2805.26,2821.1095299746958,1
2511634,PAYMENT,668.68,3472.38,2748.510074159167,4257.71,4907.631962786953,1
1359411,DEBIT,1.85,2529.21,2551.043866988649,7043.3,7059.790107656666,1
618411,PAYMENT,3.16,43.9,122.45430533837299,3363.89,3407.4576233680364,1
1722167,PAYMENT,157.69,5675.36,5497.664552601761,2246.83,2439.3426710055783,1
9724,CASH_OUT,53.01,6010.66,6023.198024288823,1339.65,1426.0075399695318,1
771068,CASH_OUT,29.76,323.42,253.86882337671517,815.31,764.1363513154076,1
1715526,PAYMENT,3.45,2529.08,2596.5940850790166,102.14,41.665780312471966,1
1780789,PAYMENT,18.27,5994.32,6041.976063013797,2913.87,2936.029429663739,1
992048,DEBIT,23.33,6913.55,6963.7628056054555,2270.48,2335.2576841684427,1
1866846,TRANSFER,13.54,4161.54,4187.308246081086,3518.75,3432.5305103349974,1
1067067,PAYMENT,10.02,3355.47,3409.7493412985223,961.5,944.7009621583837,1
2111824,PAYMENT,2.13,361.94,309.8948276627123,343.35,404.9588051062511,1
95868,PAYMENT,242.55,6.86,0.0,2679.37,2952.315911325882,1
741539,PAYMENT,211.65,245.85,101.38761721755826,2529.82,2778.432462349518,1
667194,PAYMENT,8.08,3763.89,3676.011369194835,4240.21,4286.32954853077,1
2552938,PURCHASE,4.82,8340.8,8243.347526247828,708.64,640.3121506495412,1
2171081,CASH_OUT,3.06,3074.01,3082.1096604692143,365.15,390.84867241101136,1
2311949,PAYMENT,28.75,820.36,753.1046166902278,2733.56,2711.8361806778507,1
1937063,PAYMENT,13.56,1406.07,1340.3749242167203,401.88,488.99999065321464,1
130061,PAYMENT,15.81,142.44,135.96714023965944,5527.77,5496.758197870326,1
2062032,PAYMENT,40.99,4991.85,4929.093455273942,2551.32,2521.2470385393485,1
1588216,PAYMENT,63.98,1367.28,1236.0545267959064,2993.22,3132.6892809318606,1
2030102,PAYMENT,12.38,226.88,163.73869499029075,3673.63,3645.9455492639736,1
2056015,CASH_OUT,7.91,367.85,472.9457003115076,2832.13,2818.921749239248,1
1185544,CASH_OUT,234.27,4349.93,4151.2596318324595,5234.16,5513.308819586974,1
1584867,PAYMENT,38.35,1789.35,1723.5753996822746,264.56,315.4437111103784,1
1858769,PAYMENT,18.78,3292.82,3364.717850389602,718.51,684.982547132917,1
2270663,TRANSFER,66.88,237.29,176.89407562451836,5891.0,6095.753372236079,1
129492,PAYMENT,4.63,9.37,139.55961611485242,3000.32,2980.4793232688744,1
1152473,PURCHASE,11.53,4749.07,4662.572267949568,3021.43,3020.1709476287206,1
389520,CASH_OUT,87.67,1194.74,1145.4143734299832,834.29,858.5538800334542,1
1100856,PURCHASE,264.49,1138.67,881.652656243911,1241.42,1475.8024036941065,1
429805,DEBIT,10.52,3682.78,3712.4361825127403,782.66,846.6879304852032,1
346775,PAYMENT,130.89,4750.41,4562.898479743479,45.68,112.0972906430888,0
1608292,PAYMENT,40.67,3853.6,3806.922639307765,23.9,56.182244250952905,1
2427185,DEBIT,23.61,257.23,243.49748467524273,24.64,55.53030292510547,1
2320727,PAYMENT,79.62,364.08,306.5122527939263,1876.11,2011.5376153504003,1
1136158,TRANSFER,16.37,2777.46,2691.4625439595593,7220.14,7185.036856428758,1
400950,PAYMENT,9.34,844.08,800.036867871967,3243.25,3222.5491572219153,1
221337,PAYMENT,62.38,555.72,526.2992297860889,1772.87,1811.7596889161523,1
1334625,PAYMENT,43.23,3325.45,3272.549604749769,3208.48,3251.779615036543,1
26981,CASH_OUT,21.26,1091.22,1036.1519148336533,1044.53,1167.7665804844148,1
2325915,DEBIT,17.93,254.65,201.8867485930162,1768.28,1806.6643789047212,1
2378657,PAYMENT,114.26,2243.74,2037.266941640214,2446.05,2546.009495176125,1
21875,PAYMENT,18.24,644.71,565.4591881775165,1337.75,1326.9534938161928,1
658039,PAYMENT,7.39,3833.97,3932.2620817502743,6190.42,6178.757081344642,1
1649587,PAYMENT,39.15,3616.39,3519.6918780605324,4469.38,4585.231096268977,1
1378921,TRANSFER,23.94,5218.47,5207.061493586438,1180.05,1245.390709882503,1
609265,CASH_OUT,51.69,4308.14,4310.976917766807,829.69,893.0831886186382,1
1806208,CASH_OUT,4.03,962.27,1042.8034292466587,3069.95,3066.391151446517,1
1442643,PURCHASE,10.24,1566.56,1497.3268220961552,957.11,891.406720591718,1
779640,TRANSFER,45.64,3339.0,3224.516067335979,4579.13,4615.812081211152,1
2102180,TRANSFER,116.68,3025.13,2924.649033486364,2586.25,2697.7887948473876,1
1695605,CASH_OUT,21.57,2614.58,2616.3779047801568,4784.37,4806.282672606411,1
2477315,CASH_OUT,23.38,3468.06,3373.938063060008,1256.67,1287.0667876575533,1
2318462,PAYMENT,1.95,1547.55,1556.4846051480201,5211.9,5215.420748430392,1
991809,CASH_OUT,11.36,2022.33,1920.7533738626278,1288.0,1346.6228138343422,1
808468,PURCHASE,27.3,1410.59,1474.2324048438036,1555.91,1550.9862218111405,1
1130608,CASH_OUT,15.56,5084.61,4957.2278002805015,2508.55,2560.0474393099016,1
1312104,DEBIT,15.42,4678.22,4680.037814759513,947.25,845.3256900765857,1
1029086,DEBIT,10.96,4110.18,4083.9886871368085,730.74,683.5838287414739,1
589887,PAYMENT,35.36,126.7,75.67697666762031,1194.13,1195.5543689483895,1
364447,DEBIT,17.91,3657.87,3648.697357375266,3570.5,3600.137187076192,1
200596,CASH_OUT,154.79,2384.64,2214.4714851496906,4316.16,4504.237836901178,1
313798,PAYMENT,56.23,1867.87,1850.5074825995775,3542.68,3591.5438272624388,1
62729,CASH_OUT,6.62,4890.08,4947.470767183582,2541.56,2583.038791211033,1
1854063,CASH_OUT,7.04,1043.61,1045.8991691401375,4532.18,4671.184948656028,1
493907,DEBIT,9.31,2451.26,2433.9268932858304,57.84,48.34641854503043,1
36209,PAYMENT,15.02,3006.58,3002.896509249941,274.63,250.2481116449986,1
1187658,TRANSFER,17.03,3631.7,3548.288036598596,917.35,889.6959956586654,1
1127649,CASH_OUT,43.14,2594.43,2716.196058341638,4286.52,4357.3545435278265,1
313259,TRANSFER,10.02,518.08,653.2630771764896,707.4,521.4977949869875,1
1985420,CASH_OUT,5.3,2645.14,2645.556405897595,2702.05,2715.620536714851,1
204004,PAYMENT,9.5,2813.48,2800.742532211577,5133.78,5134.6136565335655,1
1806138,PAYMENT,7.9,3799.1,3654.3676016246645,1157.28,1096.8309181071943,1
742183,CASH_OUT,7.77,2887.46,2959.817728906172,131.76,194.042521125181,1
1073850,PAYMENT,51.11,2614.54,2573.809463237151,2057.48,2105.0905016633174,1
2179364,TRANSFER,50.66,1277.04,1208.657321072329,1867.5,1938.376116329471,1
779077,TRANSFER,144.05,149.23,0.0,1003.59,1137.6810299287558,1
2150403,PAYMENT,33.18,5428.63,5421.550969601014,548.51,576.6058703904271,1
857314,PAYMENT,10.22,2524.85,2510.291977697419,1316.37,1286.6078889154658,1
547705,CASH_OUT,117.67,8211.83,8144.258428001627,2358.18,2396.8703516089536,1
2069160,CASH_OUT,8.74,6690.31,6594.31910922481,4914.78,4977.125486900173,1
1203484,TRANSFER,3.08,7532.48,7512.378423524333,1682.98,1569.6118666342209,1
593946,PAYMENT,462.96,4438.49,4014.2908361378404,2693.66,3158.589882567929,1
1715401,PAYMENT,23.52,4817.38,4766.6367997505595,1115.77,1158.8977850146628,1
2176437,PURCHASE,12.47,5393.61,5343.710022567531,2953.38,2994.5599625370796,1
368837,PAYMENT,17.61,1725.62,1731.7484485643076,2502.27,2479.056404880631,1
766881,PAYMENT,72.48,5528.3,5441.876982525479,2899.92,3013.117048879467,1
1344094,CASH_OUT,4.13,1968.71,1977.40315196788,1810.35,1882.239728462007,1
411720,PAYMENT,22.52,4446.51,4497.609846581338,690.36,721.3920806385346,1
1356022,DEBIT,28.06,3070.04,2980.799117719738,4997.12,5008.866036629259,1
189575,DEBIT,6.6,5494.28,5496.074267966717,402.27,445.357813740138,1
2091221,PAYMENT,6.12,4120.36,4059.921980541724,16.56,0.0,1
2375131,PURCHASE,67.41,523.18,424.3389357834197,2070.35,2134.883497736733,1
1973868,TRANSFER,40.87,1227.11,1265.9864599960936,636.72,685.1315484719321,1
1887555,PAYMENT,20.07,732.44,617.4599551285213,1175.58,1151.7475888543397,1
890982,TRANSFER,7.4,461.23,473.75998196704927,1099.78,1110.2301171593006,1
2318931,PAYMENT,65.61,935.21,848.8473461953489,519.94,654.3662000680046,1
1610975,PURCHASE,37.37,6694.33,6583.323916692292,506.15,607.8281519757434,1
2558208,PAYMENT,15.68,1369.35,1347.376793120811,3841.88,3896.438330246079,1
274053,PAYMENT,57.47,6964.74,6889.302356939491,3807.17,3864.2701701478895,1
2246611,PAYMENT,41.1,364.64,328.26346080428215,1952.22,2057.7103016833407,0
1550309,DEBIT,1.9,3454.21,3416.114380082833,1131.21,1098.7584279986381,1
1924572,PAYMENT,10.84,639.45,625.0865932480903,471.05,461.60409087917117,1
1540787,CASH_OUT,30.15,3590.0,3576.485871493339,4927.05,5007.245821828084,1
1438809,PAYMENT,6.22,603.37,689.996791073608,1316.07,1360.544556698048,1
2509299,PAYMENT,36.0,4525.79,4452.9311553150865,2398.79,2388.2546949404978,1
1204567,CASH_OUT,25.63,260.23,244.73487464015392,4177.41,4119.497150374027,1
727891,TRANSFER,31.32,2939.24,2886.4842129163003,3417.7,3481.321707946377,1
553242,PAYMENT,9.95,1148.91,1067.416001248035,349.64,374.9319878466143,1
1694414,PAYMENT,1.95,4646.31,4648.9263146591,624.86,667.8070451695422,1
2168864,TRANSFER,255.88,5510.08,5317.229610622397,1622.9,1892.1713500207002,1
1928307,PAYMENT,41.48,2269.64,2135.901168205317,2353.44,2411.975241447567,1
1219014,TRANSFER,111.03,251.02,98.63447571256236,902.74,1041.4670431875747,1
268129,PAYMENT,16.13,2170.38,2114.5365099434493,1820.48,1762.1260388534463,1
885563,TRANSFER,6.84,2550.41,2494.9933176788013,1622.91,1654.835016216538,1
1910585,TRANSFER,23.4,4919.01,4926.5421779018325,2929.26,2942.0092506682613,1
1079017,PAYMENT,22.09,299.94,307.4936763095258,934.82,932.3792484752468,1
191929,PAYMENT,47.23,1090.21,1029.6206770522947,3297.61,3363.6905010919263,1
1179741,PAYMENT,35.29,1880.92,1842.167789680039,2683.46,2766.0220150492423,1
210321,PURCHASE,2.94,2681.05,2725.3284261152744,9404.35,9487.525028760652,1
1083811,PAYMENT,3.0,2841.3,2834.8810390583117,3598.52,3581.951106160684,1
691906,PAYMENT,5.11,2961.04,2938.895482195557,7010.15,7068.710325176037,0
2102189,PAYMENT,0.46,1175.92,1184.6968579883296,5430.48,5461.64288996764,1
419001,PURCHASE,2.17,3534.91,3575.9394706544704,590.32,586.3674033977328,1
2274255,PAYMENT,14.74,2282.65,2353.130819414784,395.92,448.1994855610245,1
1507703,PURCHASE,14.31,2644.78,2625.7040932829627,591.49,564.1661605563052,1
2173630,CASH_OUT,20.16,1023.91,1063.1012774037633,481.99,577.2680136339532,1
1989837,PAYMENT,6.87,2755.19,2777.4338378020784,1240.99,1233.169493170958,0
1668461,CASH_OUT,8.28,4487.95,4458.793261318187,3040.63,3182.394286843394,1
882519,PURCHASE,59.54,7972.04,7948.1152581037,3247.89,3392.829933982129,1
2560419,CASH_OUT,26.97,1138.37,1171.0433595052064,3691.77,3790.989150989279,1
2464329,PAYMENT,207.45,653.79,442.59837880919036,1068.22,1227.0702290455856,1
2297050,PAYMENT,58.94,4388.25,4309.958693082231,4850.55,4861.317712027639,1
763831,PAYMENT,6.32,3593.35,3581.0439834948743,4776.13,4792.565836463244,1
2524698,PURCHASE,5.31,1065.96,1004.3122725711677,5688.47,5642.272238278224,1
2253260,TRANSFER,591.43,4153.23,3474.256559431008,3713.1,4257.597291306507,1
2456271,PURCHASE,19.12,4668.9,4604.568938725974,4024.26,4015.789973820571,1
2424162,CASH_OUT,2.74,2698.82,2765.1960237273643,3580.18,3669.8401415199937,1
1732186,PURCHASE,29.52,8163.8,8119.822767320534,998.79,994.767028106591,1
511027,TRANSFER,12.9,1799.98,1821.2455606628193,862.63,917.1976386754193,1
2456550,PAYMENT,6.1,2831.72,2754.8663120076626,2369.62,2396.583275085291,1
1820462,PAYMENT,34.81,1985.41,2017.5607115044181,4000.53,3980.581315124321,1
1369532,PURCHASE,102.02,1438.89,1241.762748087836,718.54,797.154911535926,1
1554536,PURCHASE,10.33,2753.37,2823.71982184988,233.83,182.61906242128688,1
1643136,TRANSFER,9.09,9051.14,9024.134866114744,3185.9,3177.6580301603412,1
3466,PAYMENT,15.58,2025.27,2029.2624931512148,6195.98,6207.463393307529,1
2117579,PAYMENT,53.97,6218.75,6158.569554344662,1821.73,1892.110156688427,1
782663,PAYMENT,17.54,1020.81,937.1691156595825,2883.52,2829.4901020329476,1
1905246,TRANSFER,167.49,6073.47,5907.425860055285,3475.75,3655.839709846407,1
562694,PAYMENT,16.21,6691.61,6621.826080522077,2239.0,2256.6053074357565,1
2137773,PAYMENT,2.89,2139.57,2216.353604634391,109.03,156.94095943842976,1
703733,TRANSFER,13.09,1358.9,1338.8564864638327,1183.53,1243.2068431265986,1
2561438,PAYMENT,6.58,5776.06,5752.2251678029825,3711.28,3728.5904102624872,1
1291791,PAYMENT,25.75,4014.92,3986.3068522551125,1246.23,1256.445078900681,1
833705,PAYMENT,7.13,3103.97,3156.791538468713,4033.24,4025.1551398190495,1
825510,DEBIT,29.85,334.08,344.1486387645543,2524.51,2477.043283896386,1
2511442,TRANSFER,9.24,58.81,40.540517823032424,4663.48,4631.287007820389,1
2387335,PAYMENT,8.47,477.36,395.65195353342574,348.81,387.0598609410202,1
1952577,PAYMENT,3.13,2494.49,2553.972572158022,1907.27,1890.617843779913,1
1742505,PURCHASE,19.02,3830.19,3706.1577021282824,4432.48,4477.693872641363,1
1039474,PAYMENT,31.66,3865.19,3909.0189498511913,560.24,651.052642551163,0
404316,PAYMENT,10.36,1710.46,1747.9796147470756,5955.85,6047.783483715796,1
172366,PAYMENT,53.69,5905.71,5771.2354717707385,7.33,36.48442557462734,1
1008357,PAYMENT,95.03,1126.14,1028.5730643331706,3971.86,4078.5084275742784,1
338141,PAYMENT,17.26,1932.24,1925.5370516312896,1937.66,2006.556496938637,1
914610,PAYMENT,8.18,4654.05,4638.412801968626,402.47,457.1272435348815,1
957948,DEBIT,50.56,1395.94,1321.5900552473122,892.0,988.9391365487714,1
876718,CASH_OUT,29.43,3567.65,3504.8371122018793,215.49,254.2948584066146,1
483933,PAYMENT,2.86,3137.7,3076.891853903145,4326.24,4304.38118999511,1
675489,PURCHASE,49.41,3238.23,3149.078218699825,429.59,501.3912224935397,1
1741580,DEBIT,56.3,612.47,556.8548677204379,3028.11,3181.7028865235143,1
216800,PURCHASE,100.44,285.98,192.13179697204606,188.66,235.08295283524626,1
435945,PAYMENT,85.55,1894.74,1765.932014013512,1591.14,1625.75043817948,1
1483600,CASH_OUT,96.33,2460.05,2358.6138235718563,2769.0,2920.944862349489,1
2230397,PURCHASE,8.13,557.04,603.3808607991402,4369.14,4393.793970051339,1
1123466,PAYMENT,98.8,13.62,0.0,2321.65,2464.5638602645618,1
742000,CASH_OUT,35.54,1477.87,1513.687805656246,4891.91,4888.2492938523155,1
2573467,PAYMENT,30.41,6203.77,6177.201782034542,952.69,871.0227940201246,1
608704,TRANSFER,12.72,1084.38,1143.5425581972327,27.93,40.29523613718089,0
2493125,PAYMENT,30.83,4102.33,4056.154264374634,2976.56,3008.5260012199806,1
2502488,TRANSFER,161.23,692.23,561.8797299596602,2348.65,2590.6428547525134,1
23842,CASH_OUT,11.89,3473.71,3436.727569682698,3042.59,3057.112246752857,1
1494254,PAYMENT,14.68,354.7,300.7769761837964,1372.51,1418.5643625508787,1
990885,TRANSFER,4.96,7496.7,7479.627413966196,1900.73,1880.7274686857018,1
261291,TRANSFER,18.92,1326.45,1215.3264466752746,3717.11,3716.5711251780604,1
1296083,TRANSFER,22.23,3959.49,4005.896764748957,2493.79,2510.904330348162,0
2272088,PAYMENT,21.38,4856.58,4905.2004247969535,413.01,395.09762279901867,1
2555462,PAYMENT,10.62,2657.73,2675.3412372002426,3814.48,3755.103098130642,1
1384084,PAYMENT,66.91,294.67,212.82870013039783,1253.49,1367.510538671645,1
888604,CASH_OUT,5.72,1304.24,1236.1784596856446,1370.97,1421.2136547328948,1
1630172,CASH_OUT,38.79,1253.1,1253.5068630004073,1054.64,1058.0153848966104,1
364134,TRANSFER,40.33,1712.33,1590.1854895362362,4920.72,4961.286797119305,1
1794917,TRANSFER,148.57,4725.41,4613.619238894289,181.98,350.45928436695095,1
1025353,PAYMENT,131.19,477.23,324.1602992044836,889.55,1064.9832979106159,1
1966180,PAYMENT,16.28,3461.71,3396.324401974679,1963.49,1986.4994777339284,1
316086,PURCHASE,2.1,2934.6,3037.745649143247,3758.2,3764.221092879864,1
1123149,DEBIT,36.99,3248.56,3238.6306965253852,1437.95,1676.4019637881063,1
2496405,PAYMENT,7.72,2212.82,2229.5716818677565,6614.22,6529.0057406769965,1
841211,PAYMENT,24.0,2416.78,2440.291920709092,3523.13,3608.127626567011,1
1073823,CASH_OUT,21.6,915.66,842.5394672314754,731.35,695.7947208014843,1
1363537,TRANSFER,0.44,4505.44,4443.25990310157,3317.69,3321.1781078397917,1
1073389,PAYMENT,16.67,2877.02,2919.8423023752607,424.03,552.6403176168886,1
834803,PAYMENT,52.66,1780.37,1737.3041618537877,4333.41,4314.482898526173,1
1358074,CASH_OUT,14.83,127.45,192.7256380671248,3694.14,3677.181457949237,1
2193800,PAYMENT,12.91,2814.15,2808.3607251849858,1310.38,1345.2114762130793,1
1287449,PAYMENT,23.41,1110.4,1182.7184854837874,2796.72,2819.4701493954494,1
475157,TRANSFER,41.14,327.06,332.4913130895451,984.77,1030.0918528438979,1
2136022,PAYMENT,51.93,2339.67,2278.1352539462405,1655.59,1704.684181284142,1
1995929,PAYMENT,14.16,5026.21,5068.174599658685,4846.56,4819.565176683625,1
386030,TRANSFER,45.84,1506.0,1503.5035526755646,4718.12,4732.874386229667,1
1641591,PAYMENT,13.04,28.18,40.779443989053945,171.07,159.40005273440977,1
304805,PURCHASE,16.15,1913.87,1871.1524334483827,2378.99,2428.537478475136,1
1613695,TRANSFER,37.21,3776.67,3748.474019765838,5375.78,5357.652321748392,1
652673,PAYMENT,10.11,4448.85,4565.617405867005,3126.4,3103.079259696861,1
1087884,PAYMENT,7.88,229.2,202.64883805428002,1382.47,1397.4858720787263,1
134490,PAYMENT,6.53,5829.26,5862.269231228483,2254.9,2276.769555677504,1
336458,PAYMENT,240.07,2038.74,1721.7117877732558,5761.02,6086.178831235802,1
1342459,TRANSFER,51.22,1111.18,1070.596976990747,991.34,1033.820345755557,1
578486,TRANSFER,100.91,214.37,154.64153513675447,3924.58,3985.209307513042,1
891982,PAYMENT,5.69,5361.78,5356.76921085235,4257.33,4210.645160209241,1
1697352,CASH_OUT,4.81,2757.94,2733.650616500439,291.86,324.89728908357114,1
609413,PAYMENT,24.14,4861.66,4853.103824008869,3828.82,3795.225016773192,1
520891,PAYMENT,110.62,3579.1,3378.3898234323256,277.13,431.95653273354856,0
1823171,DEBIT,26.61,2185.5,2128.824072874433,3847.5,3891.5531729981813,1
1120394,TRANSFER,5.99,2444.35,2456.36969511107,2321.0,2331.0770780006414,1
1337,CASH_OUT,31.53,3208.98,3188.205338514047,4222.19,4327.6790516952215,1
429531,PAYMENT,7.49,7733.36,7716.372961864629,2359.82,2451.462156850793,1
1261955,TRANSFER,40.44,272.09,258.20994547991756,912.66,1013.6537287783814,1
2233469,PAYMENT,21.03,327.9,225.47030767951998,2031.64,2074.65980308059,1
833210,CASH_OUT,6.31,2075.16,2015.8199959853273,5256.36,5272.87955431622,1
657284,PAYMENT,6.21,1672.11,1638.3226620164235,4355.34,4302.427270852173,1
2284561,PAYMENT,44.16,4892.05,4921.061358932921,2459.69,2539.6493992579035,1
696767,DEBIT,19.05,3563.83,3537.086641958638,3184.92,3262.339858929464,1
311646,PAYMENT,9.32,5659.2,5687.8229822583535,171.92,141.99417201983948,1
467608,PURCHASE,55.15,2323.04,2314.0216314978984,2647.47,2752.4648948985478,1
1724035,CASH_OUT,8.76,818.17,794.3803549903837,458.84,446.5960052562699,1
880965,TRANSFER,9.59,5482.21,5495.373470249244,1186.36,1227.1346093721936,1
2204849,DEBIT,98.1,2538.72,2379.93084912363,8451.85,8520.644225382572,1
1707447,DEBIT,13.99,1161.67,1124.3400123683236,4532.52,4562.4116968992275,1
600728,CASH_OUT,30.76,291.24,205.01723476264493,1112.31,1135.3164132320996,1
952210,CASH_OUT,5.67,2756.15,2715.1436675840177,3640.23,3661.266500683025,0
2515697,CASH_OUT,269.12,1299.94,994.3908570736685,858.25,1159.3449068093523,1
1437742,TRANSFER,12.29,2133.26,2172.8750570923744,2940.14,2985.269349209654,1
1703408,CASH_OUT,113.08,5507.7,5403.803100967441,4568.23,4704.0585608297,1
1878655,PAYMENT,10.57,2966.8,3035.5578020967646,1547.7,1586.3280171945125,1
1080225,DEBIT,81.44,4049.06,3952.8834784935616,1751.23,1843.02345183485,1
93708,CASH_OUT,6.5,6276.25,6221.500394036023,1232.07,1205.2547883749382,1
1353518,DEBIT,22.36,2892.16,2875.088212562154,289.34,295.16573830199275,1
2026358,PURCHASE,37.47,5365.72,5279.585908587819,5192.13,5098.285187744429,1
1032307,PAYMENT,32.96,2378.25,2393.415863862532,291.87,368.48739325772203,1
2299479,PAYMENT,294.96,2328.38,1976.2524291161963,549.97,888.1540894798294,1
1143193,PURCHASE,4.32,7382.35,7358.719740848566,2819.45,2798.4483289519426,1
10738,PAYMENT,18.82,3030.66,2909.508518430116,1756.62,1820.3684159052025,1
647019,PAYMENT,59.42,6344.81,6244.57859623873,2830.14,2916.5972788747126,1
949812,PAYMENT,136.45,4735.57,4627.932988052014,2046.48,2231.916326486187,1
1171433,PAYMENT,2.2,4023.81,3997.879163514693,36.85,62.6548944968309,1
799342,TRANSFER,36.76,6157.1,6100.742331335439,5450.24,5506.198161172323,1
1838412,PAYMENT,4.43,2442.26,2407.862965790056,949.83,986.4261946089339,1
2158454,CASH_OUT,1.84,1599.16,1555.8543577008327,4042.57,4041.6739142723545,1
117508,TRANSFER,91.88,2468.49,2349.491957449607,1175.29,1350.3573786363331,1
313095,TRANSFER,57.98,193.8,55.81962405289225,6723.47,6811.070925323137,1
1477251,CASH_OUT,62.73,2487.19,2417.9597142636985,3303.77,3333.2122427639183,1
945228,TRANSFER,3.14,133.91,143.1570281547339,3639.78,3629.4165553143,1
1382693,PAYMENT,14.65,281.73,273.9365917717813,596.69,525.6917213057786,0
1323124,DEBIT,1.27,2221.88,2111.999923344448,925.88,1017.8486954470062,1
1877485,PAYMENT,24.01,5568.84,5515.392519368385,227.45,248.10322890755307,1
468528,PURCHASE,7.78,3339.9,3293.2741733912426,135.56,0.0,1
1874029,TRANSFER,6.16,3472.23,3606.7204201728377,3108.68,3020.4072376010404,1
862387,CASH_OUT,11.1,855.72,918.9835177376331,3114.01,3123.5804416351516,1
1485361,PAYMENT,2.15,2985.62,2968.82166424621,2936.82,2914.2486348985117,1
896071,PAYMENT,15.19,8433.34,8495.833935803177,1494.88,1650.6218066738636,1
437681,CASH_OUT,4.86,6109.4,6156.881046964628,2929.97,2969.55485460056,1
479214,PAYMENT,8.8,5750.97,5793.738183505719,3262.44,3204.40346909317,1
643587,PAYMENT,3.58,6637.22,6629.341872363699,4003.0,4035.4028188785064,1
884308,DEBIT,29.91,2978.45,2960.223607638714,542.43,528.9350070949166,1
1530346,PAYMENT,14.61,5326.59,5381.438959849547,1992.33,2083.2808124765106,1
1682753,CASH_OUT,198.21,441.05,193.0369114319504,2381.78,2492.5684705368344,1
825207,PURCHASE,2.92,2257.54,2309.855815278904,4785.6,4724.533384055002,1
69140,TRANSFER,3.37,5730.62,5705.9448383612935,4928.06,4936.52265994967,1
1117392,PAYMENT,3.5,1772.02,1781.8281256743894,411.05,368.9691701735097,1
376860,PAYMENT,14.11,1984.59,1942.38624745539,161.33,188.12665853952072,1
2393498,PAYMENT,18.21,3446.93,3437.4559956831185,18.5,36.97231168312604,1
1805143,PAYMENT,36.59,781.83,685.7297541091617,309.54,415.96730024631876,1
137520,PURCHASE,2.4,5456.22,5555.392595517289,384.34,478.156823804884,1
47042,PAYMENT,62.7,2024.64,1965.4708658474533,1404.28,1444.320639083952,1
1074790,PAYMENT,60.54,2191.92,2209.481391066838,3718.43,3768.2160111292487,1
2122505,CASH_OUT,19.05,811.48,906.149542567775,33.95,42.35968005192526,1
1846644,TRANSFER,34.84,6046.37,6087.864630690168,2288.64,2267.8817003415074,1
1702764,DEBIT,10.76,60.66,53.05949730667479,3420.58,3404.6637058446345,1
2586345,PURCHASE,2.73,3717.8,3678.383107015801,1774.6,1782.2182427641835,1
1815385,PAYMENT,14.72,463.73,423.9741576116116,3286.03,3163.3429803929653,1
1270645,PAYMENT,5.41,3406.86,3468.1820174281083,3605.6,3502.2443452153984,1
725082,PURCHASE,52.28,1873.99,1865.5054197143081,1291.95,1246.4812591852399,1
91204,PAYMENT,11.74,2650.0,2607.3119337065496,219.03,277.79096456110057,1
42506,PAYMENT,6.71,2159.15,2161.7368402147613,2046.77,2112.7159202228095,1
348172,DEBIT,69.05,2585.59,2521.1629021710355,932.75,951.4857708066365,1
1758824,PAYMENT,6.62,1562.97,1633.9829592693918,1873.95,1853.0655545968777,1
174305,PURCHASE,12.86,2222.98,2234.632571838309,5154.03,5114.509001167623,1
1862053,CASH_OUT,27.13,3265.57,3164.850848415276,3965.81,4053.2870628039313,1
1188768,PAYMENT,8.03,5481.82,5558.420317572992,2831.4,2819.615927344442,1
2075937,PAYMENT,55.12,2086.39,1995.2162779000043,4685.72,4699.84590501682,1
1376355,CASH_OUT,48.84,3106.61,3030.4512094560364,4174.6,4170.4452791764525,1
711897,TRANSFER,6.17,4734.66,4728.236209627663,6877.98,6888.1424501797055,1
723250,PAYMENT,27.99,8057.23,8096.741462006943,4647.51,4752.754045603184,1
2353496,TRANSFER,63.87,760.02,742.3331708907043,2467.39,2565.799819709492,1
1572050,CASH_OUT,24.86,3647.46,3656.303442489085,2835.97,2954.198744793557,1
1496852,PURCHASE,35.37,3753.68,3730.263104895684,3196.19,3179.091438839396,1
1487582,PAYMENT,21.79,3591.66,3512.7487134188145,4006.8,4109.531335181108,1
458396,TRANSFER,81.51,3405.27,3288.7080537071015,827.23,878.334287632456,1
1574472,PURCHASE,3.28,1897.41,1963.9256143473644,1843.42,1884.505639534672,1
1496338,PAYMENT,7.55,2282.4,2277.188435741054,1780.24,1836.9776941944478,1
30105,PAYMENT,17.23,5879.64,5826.777790900371,3420.99,3374.1192810525004,1
2581400,PURCHASE,17.23,4677.3,4748.525985333073,4339.83,4363.819653098843,1
1846506,PAYMENT,2.02,355.71,335.85937323021165,5708.97,5742.647455406798,1
1425692,CASH_OUT,2.05,3514.84,3494.8780817118864,2849.86,2774.804912729481,1
2389656,PAYMENT,4.56,2489.63,2531.1033139323813,2297.03,2335.3370817006494,1
667282,PAYMENT,23.11,1077.43,1046.9927670236464,5116.01,5128.75910592497,1
2555587,PAYMENT,1.65,1791.31,1824.5007952193994,1057.65,1033.3702824829707,1
2146003,TRANSFER,9.29,8.89,0.0,2146.97,2114.5112095802488,1
1894701,PAYMENT,45.81,6002.24,5929.297544910109,55.2,107.65631959463082,1
1420086,CASH_OUT,231.88,2373.73,2140.0041586027164,1179.19,1369.6783975078336,1
1392640,PAYMENT,9.91,3978.93,3959.900035765678,609.19,635.3524311424861,1
59530,TRANSFER,0.77,2433.93,2363.1343682047514,519.49,510.75404817887454,1
497371,TRANSFER,7.79,2612.87,2618.2640523797027,3139.16,3081.835628422369,1
2411411,PAYMENT,27.23,895.14,867.232056974973,2282.68,2269.7590134121588,1
582818,PAYMENT,24.71,5081.27,5069.34305306518,2108.41,2117.4800316134324,1
465579,TRANSFER,66.45,3907.23,3787.661052156983,854.87,963.7253183721339,1
1349092,PAYMENT,38.82,3224.38,3170.2261787974303,3015.18,3085.6903164643286,1
1595757,DEBIT,26.41,3918.01,3851.206899973923,1650.49,1588.493495154123,1
2437225,PURCHASE,9.69,4087.57,4119.731977923714,3870.43,3902.664217190746,1
1220290,PAYMENT,25.59,989.88,1058.648228969696,2940.35,2869.900228846574,1
1531532,PAYMENT,23.57,5301.15,5338.334118796048,6054.07,6063.786519948965,1
1526902,PAYMENT,7.57,470.88,403.1909961581404,273.29,306.25626963365875,1
1980961,PAYMENT,26.98,2180.49,2101.1633954275926,1752.6,1797.688497263204,1
2189463,PAYMENT,18.69,6761.85,6777.063638670768,603.28,694.551732038831,1
1410956,DEBIT,66.59,1223.64,1082.0256245900932,4814.37,4873.885659182177,1
954245,CASH_OUT,23.45,3605.69,3498.929693537069,798.16,850.8081251232837,1
2031882,PAYMENT,49.56,98.54,65.37376345039038,6137.2,6163.2921694814095,1
1250566,TRANSFER,18.19,3826.95,3850.273424814954,369.29,327.22721771916923,1
1614438,PURCHASE,19.14,2955.03,2891.7326443723096,595.73,535.8929212151728,1
307531,CASH_OUT,41.41,2839.79,2825.4752029493748,2677.78,2792.6016373079665,1
1111410,CASH_OUT,50.97,2793.43,2692.8037032123093,2609.63,2574.023057667022,1
486782,TRANSFER,4.42,8385.43,8381.996018950676,1482.82,1411.3899442720715,1
1132914,PAYMENT,3.14,6329.86,6292.957054667407,149.73,89.46144744283157,1
1923762,TRANSFER,5.18,6065.06,6034.210555908293,5193.07,5259.8628888379835,1
1015603,PAYMENT,5.36,704.23,751.4541526797657,3592.61,3630.1312640139286,1
1319539,PAYMENT,2.38,3670.57,3699.991739820384,1487.77,1611.5172928782786,1
690411,PAYMENT,4.52,1115.24,1099.8397611309822,253.12,208.2124330899997,1
490063,PAYMENT,16.12,1372.5,1295.5029780986288,1447.59,1447.2200069096862,1
1993036,PAYMENT,60.3,219.58,126.96595777780847,2658.56,2767.1608645741208,1
2013743,PAYMENT,35.5,2995.44,2975.0188547637126,1451.61,1446.2761340635154,1
47449,PAYMENT,10.45,17.48,0.0,555.69,569.7267859798235,1
352781,PAYMENT,134.62,492.62,411.5458003355433,1500.78,1797.4542370290233,1
2212062,TRANSFER,37.45,1331.61,1335.845526931345,2683.58,2721.1751054331144,1
839916,PAYMENT,7.52,1695.83,1666.003717349246,1890.07,1913.83528438134,1
2239701,CASH_OUT,20.16,1339.37,1304.2919405208302,1085.26,1096.8640395629275,1
1730088,PAYMENT,9.02,1671.92,1636.7352828252283,4340.36,4349.803165004308,1
1160127,PAYMENT,16.86,2529.56,2570.740368695746,1381.03,1438.1389175360007,1
1256933,TRANSFER,34.12,6496.26,6458.857529034086,4989.0,5039.059067131168,1
830501,PAYMENT,25.57,1496.7,1530.5208893701706,2035.98,2079.2027267628464,1
1015355,PURCHASE,22.87,3657.24,3573.39578891065,1167.64,1227.7481913908628,1
867953,PAYMENT,27.43,3190.91,3155.614669293088,742.26,787.5818535038355,1
2240607,CASH_OUT,6.71,5091.27,5039.441788491011,3837.26,3925.7682950365775,1
178528,PURCHASE,14.17,50.01,0.0,2661.09,2707.2390688882065,1
690672,PURCHASE,620.36,657.59,0.0,4297.4,4867.550278028109,1
2517386,PAYMENT,0.99,211.51,196.99391371994025,5278.58,5326.814440640042,1
2419084,CASH_OUT,27.9,7616.69,7542.669120471995,4777.95,4718.201099181457,1
1996381,PAYMENT,13.47,2609.59,2622.287117461622,1785.63,1828.4614451826633,1
1808730,CASH_OUT,12.16,321.49,262.5656861090687,4928.24,4837.050460800861,1
1247207,PAYMENT,83.12,4781.36,4555.125378414502,2056.27,2158.5526027274077,1
2564246,PURCHASE,5.09,3133.3,3187.921648289694,74.48,90.28153721369407,1
123283,PAYMENT,11.25,4053.65,4032.7048232353523,2380.97,2421.048677295567,1
280965,CASH_OUT,12.46,394.11,393.17233733514564,602.15,521.8721319338293,1
297764,PAYMENT,27.73,6376.47,6302.904954483606,1026.1,1011.3299896074801,1
946771,PAYMENT,9.21,3667.56,3687.3508675500625,3745.72,3757.977219873723,1
624100,PAYMENT,29.81,1201.15,1151.152791079568,2335.43,2387.018888061376,1
239365,PURCHASE,1.71,1829.87,1833.7896619021453,853.89,794.7609987509088,1
1064284,PAYMENT,2.55,391.86,385.0713927971729,328.72,252.43588816189038,1
2345420,PAYMENT,39.87,5268.58,5205.751115946108,2080.1,2180.7144226936025,1
1039514,CASH_OUT,71.69,2367.3,2318.0021842434435,1133.22,1206.3564484976384,1
962289,DEBIT,24.74,1718.39,1770.4185549790222,1221.83,1256.1645149671651,1
765836,PAYMENT,33.71,3094.51,3107.710235020289,223.23,306.8877433902275,1
550023,PURCHASE,24.62,2600.27,2537.2989796950264,2266.28,2314.8065404810204,1
478388,TRANSFER,21.89,203.55,139.11385723791165,1760.42,1704.962258639204,1
2573312,TRANSFER,153.51,5884.86,5705.069051675238,4405.22,4534.937593004636,1
1931983,DEBIT,5.38,9385.39,9353.747920808772,4326.09,4233.084668169856,1
2031434,PAYMENT,3.87,6990.02,6960.372971174152,2502.75,2413.3381754613006,1
589564,PAYMENT,20.45,2644.25,2632.6421480066215,2054.98,1962.9518982609816,1
1568387,PAYMENT,99.39,2498.81,2479.7715481257387,1304.63,1510.848451778657,1
1952067,PAYMENT,23.71,3330.46,3344.811365908988,863.62,930.5656526837369,1
142480,PAYMENT,20.23,791.89,786.4826494082937,2203.27,2292.7448495098542,1
42441,DEBIT,78.23,3347.58,3255.237487129039,1418.47,1478.4736488629708,1
2203220,CASH_OUT,179.6,2269.87,2029.9709102981083,3127.42,3283.3599727244823,1
32884,CASH_OUT,13.91,4852.88,4783.23649733535,1032.66,1022.7368105581202,1
350768,PAYMENT,28.4,347.53,385.9479789818463,3070.98,3181.753151481689,1
1987729,TRANSFER,12.1,2927.27,2854.7839048121014,834.21,788.3030956976776,1
1894261,PAYMENT,43.83,1995.17,2020.9123418488339,1065.45,1112.2159562209088,1
1216009,PAYMENT,67.21,3796.59,3736.342139507375,2893.81,2940.411025870336,1
963052,PURCHASE,4.85,7946.42,7875.855286111107,225.04,201.01078754886032,1
447678,CASH_OUT,17.56,1613.13,1594.130087316956,895.04,954.9948527963641,1
1337423,CASH_OUT,17.14,6365.01,6341.797920506849,6984.58,6935.33688054182,1
123622,CASH_OUT,22.24,6649.13,6570.67921339775,748.05,803.4521891214113,1
2415822,PAYMENT,29.29,2011.86,2026.7939133561817,1987.96,2033.0766533178205,1
1204641,PAYMENT,33.57,1262.94,1226.639741414222,3389.92,3341.5380085000165,1
452484,PURCHASE,14.64,1798.67,1873.0314989629621,3785.1,3779.6401004414515,1
318782,CASH_OUT,6.23,2273.79,2239.91029740049,4086.75,4047.9308060149847,1
1556247,CASH_OUT,12.06,1107.7,1010.1547710783256,2043.72,2025.9972501559241,0
2267645,CASH_OUT,129.05,931.74,801.0988236106884,2545.2,2686.5309399468724,1
1352470,DEBIT,34.57,2007.71,1935.786086511031,2908.39,2976.8023873229204,1
747678,PAYMENT,5.36,3737.78,3682.044189713923,2599.37,2652.738529324068,1
1410640,PURCHASE,22.2,2782.83,2643.5043622077746,1916.85,1963.786558822816,1
2417819,PAYMENT,8.79,1222.06,1193.4490158517026,3327.12,3341.5494911587552,1
2375215,PAYMENT,42.94,2604.49,2523.046061789103,1179.32,1162.3574735710947,1
2413039,TRANSFER,33.47,2883.09,2862.523825521064,902.84,899.1384100893824,1
1606258,TRANSFER,64.8,4331.97,4248.249498460493,866.17,936.7587933835697,1
145931,PAYMENT,83.21,3602.11,3530.922472488155,410.67,515.0719365633482,1
2283479,PAYMENT,153.95,919.49,818.3973151197916,3799.0,3945.3018053488995,1
251726,PAYMENT,6.03,3257.45,3272.096298047653,2772.66,2720.1656449944644,1
2174951,PAYMENT,28.98,5073.57,5050.33983591635,2668.07,2680.482027297463,1
817442,CASH_OUT,32.08,4151.62,4173.335741304091,428.86,421.6161011531018,1
2583094,PAYMENT,17.58,230.05,219.9724089639352,1075.86,1116.3865532935247,1
223057,CASH_OUT,22.35,2979.9,2977.788714790128,4706.71,4733.802919581008,1
1563719,PAYMENT,13.35,322.22,393.7067135962743,1184.7,1253.3583936793505,1
2342715,CASH_OUT,42.87,94.8,27.188389201464847,3487.28,3436.4452861419427,1
1085861,PAYMENT,14.18,403.78,390.2024012439016,1394.43,1426.1572975768988,1
729525,DEBIT,13.29,8635.58,8571.55604416092,3889.58,3883.239071997962,1
1355016,PAYMENT,61.47,454.98,354.42174291468496,869.31,949.2262978041247,1
1317728,PAYMENT,40.46,2606.05,2615.2583602479535,4066.12,3970.1751854304293,1
149201,CASH_OUT,3.38,1544.91,1479.4590543557676,2342.23,2253.4444472057544,1
2127045,PURCHASE,73.37,2749.67,2549.9550293982547,2311.96,2445.64767658554,1
754429,TRANSFER,6.01,4425.9,4441.122894084913,5035.61,5157.695760727773,1
725893,PAYMENT,13.89,5057.73,4991.087307941271,1330.79,1273.495104972607,1
461462,PAYMENT,9.68,354.35,369.8495634493282,1253.58,1241.6064043002648,1
1071635,PAYMENT,111.07,129.56,12.830680650725872,3133.11,3278.2820855636187,1
567044,PAYMENT,27.42,479.05,371.95764948056825,418.78,389.9211447057886,1
119444,PAYMENT,19.36,2559.77,2509.2555800928635,884.9,874.5668125576876,1
2080195,PAYMENT,25.63,8059.01,8049.781897157893,4769.5,4793.89103737345,1
1998038,PAYMENT,73.23,403.68,353.40594986848606,1725.14,1885.1429729151505,1
1218876,PAYMENT,21.66,5106.59,5115.799617784999,2277.95,2243.913277511882,1
2419429,PAYMENT,3.41,3291.02,3247.1290041087814,1116.29,1085.8609627711614,0
619770,PURCHASE,16.53,6189.73,6274.1168792881845,1287.54,1382.9139348093622,1
29353,CASH_OUT,29.58,1085.29,1033.3070197041152,3396.44,3314.620643328856,1
59580,CASH_OUT,38.75,7831.67,7851.793717183036,5657.65,5778.306685561718,1
533713,TRANSFER,15.12,3365.95,3322.7079184379672,4627.8,4643.690830961224,1
887274,PAYMENT,1.19,2714.27,2685.0356632811936,556.79,532.6112213566314,1
1844702,PAYMENT,74.28,3584.48,3519.220535005866,2144.63,2277.846440328438,1
1816801,PAYMENT,3.58,2108.8,2145.0505566191105,3642.37,3779.789927171833,1
1957102,TRANSFER,28.01,398.58,331.5771803813447,2273.94,2319.1625417470805,1
1093285,DEBIT,8.05,3487.58,3441.8250038254214,778.09,808.8809580721886,1
1102206,PAYMENT,17.99,967.98,1086.1972416661717,2009.47,1969.6204088959385,1
1419480,CASH_OUT,20.29,2711.1,2644.8173660822954,3830.31,3747.2919278417676,1
580775,CASH_OUT,13.85,3119.77,3091.966515038801,2575.53,2498.1042523045353,1
713212,PAYMENT,78.88,2546.84,2490.6095779061584,2182.46,2196.8919321740295,1
2378817,CASH_OUT,169.95,4792.45,4685.200247285304,2962.86,3149.0191435864085,1
409367,PAYMENT,22.99,202.72,224.13216714489138,2540.1,2574.550391261949,1
2524544,PAYMENT,57.06,1234.21,1085.613966611011,1362.92,1418.293922643061,1
623703,PAYMENT,44.02,3191.39,3185.067244305382,3823.43,3903.834676919539,1
879039,DEBIT,4.14,2882.43,2928.611103899425,4043.43,4084.836741221378,1
27034,PAYMENT,62.43,7595.77,7476.948709010574,152.67,199.3135809080991,1
2307417,PAYMENT,65.99,663.31,577.6319147719812,4282.04,4333.212050725106,1
113798,PAYMENT,48.83,3525.07,3542.3436636342303,818.96,928.5836277570968,1
964824,TRANSFER,38.13,3381.36,3318.9393972309495,6639.41,6663.59075874885,1
584143,PAYMENT,12.32,3602.82,3603.9441229739964,597.17,537.0666357339188,1
877669,CASH_OUT,3.01,572.63,558.6859473655351,448.28,480.2919317258428,1
2287505,PAYMENT,18.79,4383.61,4315.529145108701,2940.8,2967.427456222378,1
2198571,PAYMENT,29.92,163.77,155.15936561568415,2955.87,3017.776202718079,1
571158,TRANSFER,170.04,3725.61,3567.0774639240612,2801.21,2972.7021389868955,1
2400139,TRANSFER,56.96,653.59,546.9857030513708,149.86,247.94480952178344,1
1702411,PAYMENT,13.98,445.6,458.30786320212826,3998.14,4069.6884082157385,1
1206391,PAYMENT,47.88,7275.8,7147.222230450639,2638.55,2787.8679067203134,1
1511706,PAYMENT,48.86,2547.26,2469.9609406988047,792.93,693.1503678261446,1
2122288,DEBIT,9.96,482.52,484.6169632292949,1736.7,1746.850754499578,1
1224943,PAYMENT,20.3,276.51,149.3980580844086,2091.5,2066.568909649173,1
2181814,PAYMENT,81.28,2800.16,2757.765062795173,2781.58,2855.8639631939213,1
119392,PAYMENT,25.38,2398.74,2380.447907958533,5981.58,5979.413524496585,1
856420,TRANSFER,155.01,1165.09,1060.1297745065142,2551.05,2621.199690903624,1
1664850,PURCHASE,21.36,4780.74,4621.032778738115,5038.05,5064.514857673507,1
1942933,PAYMENT,450.98,2311.13,1904.310902453617,2782.23,3180.404791586812,1
2561534,TRANSFER,4.86,2472.45,2524.347843780418,1149.56,1161.7510332472561,1
1493506,TRANSFER,17.84,543.97,530.6755327570039,4346.75,4281.265692389003,1
1486088,PAYMENT,15.13,394.88,366.6338848881653,1520.32,1610.2641456822987,1
1563914,CASH_OUT,13.93,3728.06,3701.058598070839,743.82,843.8092146762235,1
2517253,CASH_OUT,43.01,1219.73,1225.7200898032113,1409.07,1435.717624376484,1
2198822,CASH_OUT,289.94,8968.6,8642.565043401062,4673.44,4973.5307119683985,1
1383334,PAYMENT,3.39,279.94,271.8324777362748,2571.71,2640.0469328727686,0
610753,PAYMENT,7.98,2462.38,2499.3633273946775,3977.01,3997.4944816144543,1
2483829,PAYMENT,53.13,6074.49,5972.222380241597,1094.74,1136.3693364622568,1
1671739,PAYMENT,63.08,3933.31,3850.3153074926163,3815.13,3896.214431843465,1
181125,PAYMENT,49.56,2377.18,2383.9655341640796,169.52,288.78990041030977,1
116997,CASH_OUT,17.66,1919.55,1957.183125715506,1067.47,1115.4328234161671,1
1486499,PAYMENT,4.31,4487.27,4466.538542586111,181.83,138.2938847755983,1
343985,PAYMENT,26.72,1491.4,1474.063188858043,2868.15,2896.2457670372887,1
2397903,CASH_OUT,0.48,467.38,551.1942481850956,2928.2,2990.1856773722416,1
884052,PAYMENT,20.45,1358.87,1435.035246607895,2516.59,2503.29272780462,1
416114,DEBIT,1.91,1077.29,1075.374863468331,2664.18,2683.0996843307985,1
2292657,TRANSFER,28.66,5155.7,5063.511802942585,3050.32,3120.9738204655173,1
2575384,CASH_OUT,5.82,4703.9,4715.895953777685,2739.48,2700.6714015493467,1
1123934,PAYMENT,8.74,4540.79,4519.631076249144,167.56,243.2687967823589,0
118146,CASH_OUT,6.7,1657.29,1601.2320639366849,3026.39,3052.031679630086,1
2482003,DEBIT,6.32,3708.58,3659.8948437008607,2607.13,2657.5222768660983,1
2019203,TRANSFER,42.62,2991.94,2948.719822209227,168.89,132.7077475687976,1
1986125,PAYMENT,11.2,3250.42,3264.4164794985486,2056.94,1987.1054060886615,1
1499533,PAYMENT,14.9,3615.11,3602.1312393025023,3049.51,3107.6251126249904,1
2525265,TRANSFER,3.63,471.73,428.83179797390835,4712.93,4685.560244259015,1
550042,PURCHASE,38.88,781.19,764.0849638435369,1449.29,1526.6307525641978,1
1322950,PAYMENT,26.45,5617.03,5657.465325439017,1917.23,1929.426909894266,1
1078882,PAYMENT,63.39,5130.31,5082.207273696893,4204.03,4217.251522125786,1
2029077,TRANSFER,14.12,4190.52,4133.6210108738005,2829.64,2863.5890252856784,1
1709738,TRANSFER,12.17,3783.64,3677.3605471467054,1707.87,1787.113960166626,1
1187706,PAYMENT,3.94,2995.35,2908.339603391006,343.26,469.1401680003388,1
2083257,PURCHASE,26.54,1958.29,1921.6998378728251,2253.73,2273.3320407371607,1
1331161,PAYMENT,9.85,17.41,0.0,3317.53,3326.138619820324,1
1087957,PURCHASE,27.56,3457.65,3363.1062516354004,1175.94,1254.8146154904468,1
2212023,PAYMENT,3.68,2484.37,2495.650097006618,3237.92,3253.450871898982,1
2309732,TRANSFER,10.52,2812.55,2791.6029160871617,856.74,815.3022217200177,1
2101359,PURCHASE,13.75,461.8,423.24479957983687,4671.32,4606.204253753974,1
513250,PAYMENT,27.34,2438.2,2341.38602785134,581.31,644.6787427156892,1
1159138,PAYMENT,28.23,3276.89,3180.1474918557124,448.46,454.35116753911274,1
2037857,PURCHASE,12.69,164.65,176.29277440266424,3423.8,3374.8175115202107,1
1538451,PAYMENT,82.16,1893.92,1877.8567909225849,829.4,1034.3656760840165,1
606064,DEBIT,9.71,8725.53,8701.145736722303,57.7,101.55999085704869,1
433121,CASH_OUT,9.28,4787.84,4851.543980401771,2505.03,2451.9006339952425,1
539225,PAYMENT,27.35,223.82,173.28421574946816,2178.7,2181.748412608031,1
1322840,PURCHASE,35.16,1259.07,1260.1125653326967,1354.24,1380.055423942527,1
1772070,CASH_OUT,33.1,1538.62,1526.753985597011,1754.57,1840.5933235771201,1
430131,CASH_OUT,46.83,818.45,845.171531189625,738.0,795.0617107125845,1
257754,PAYMENT,25.61,3625.92,3568.969434902738,1280.76,1316.6488877631837,1
231258,TRANSFER,59.98,7535.83,7520.394075575052,1092.91,1226.3224500264944,1
1056378,PURCHASE,15.89,2727.3,2846.284192636955,1546.39,1578.3869011603592,1
1758621,PAYMENT,119.2,2889.45,2773.486801196009,2451.24,2630.4744945495263,1
2519810,PAYMENT,15.43,1226.24,1123.011295679658,1420.07,1440.3467061574672,1
1168761,DEBIT,197.94,1972.43,1680.0286091059627,612.56,773.5770792598365,1
397255,PURCHASE,15.13,240.21,214.53245290069327,396.77,413.4881652860585,1
88910,PAYMENT,1.86,2783.27,2773.199079952594,3174.24,3229.4759098733985,0
1451427,CASH_OUT,5.21,2077.84,2138.50096205602,485.04,491.6372314961851,1
678068,PURCHASE,82.28,292.36,206.12759778610805,756.09,909.0555093291072,1
2054407,PAYMENT,42.98,4867.13,4896.702380742009,2524.48,2556.5862519333973,1
992179,PAYMENT,15.87,5757.15,5725.974865933421,4940.05,4934.058794313593,1
1286539,CASH_OUT,13.23,2126.83,2116.470779800742,2734.43,2762.903565537401,1
1808077,TRANSFER,2.79,7799.25,7792.551087725594,3649.1,3608.1908865474034,1
589400,PAYMENT,46.94,2770.84,2698.667912995403,167.22,236.37122040220032,1
2440444,DEBIT,25.36,1066.15,978.9604219783957,1217.91,1253.7022610381657,1
2455364,TRANSFER,63.77,1575.54,1512.6485784313181,2806.96,2802.5172325552358,1
715893,PURCHASE,5.81,2192.8,2288.954855208786,2708.52,2637.792451345347,1
14707,TRANSFER,30.55,4405.11,4447.045509111721,1597.34,1564.895519908652,1
726201,DEBIT,14.23,4050.03,4048.3910255533983,352.38,337.58891267550814,1
2586973,PURCHASE,7.34,4976.26,5025.730171864457,1232.68,1229.781633126827,1
891494,CASH_OUT,55.87,4743.41,4698.223103393882,1169.9,1209.8411140633975,1
1949390,PAYMENT,6.88,2441.21,2368.010706116791,2676.1,2626.9535100162043,1
728658,TRANSFER,39.03,2530.49,2544.9102657304807,2258.15,2269.215181188727,1
1503193,TRANSFER,11.88,1158.31,1203.8508217250542,4154.33,4165.996308215848,1
691436,PAYMENT,48.66,352.34,226.97278036515402,1428.36,1476.5085469224618,0
1738119,PAYMENT,4.76,4123.14,4191.621351055381,77.04,133.3570245435481,1
2279197,PAYMENT,29.08,4032.1,3923.8786109746675,1761.28,1792.45445611381,1
1680462,PAYMENT,4.61,323.68,383.2619973116488,2258.9,2242.6937281766823,1
377355,PAYMENT,568.23,4257.94,3741.734262569539,2969.6,3489.4419534862695,1
752400,PAYMENT,24.0,476.97,492.87168916758674,606.6,682.8171725470454,1
7228,PAYMENT,44.18,4302.1,4348.092412031407,4275.85,4346.955258041029,1
1499239,PAYMENT,16.27,729.16,783.9874610875322,1029.16,1076.129213591467,1
46783,TRANSFER,40.72,557.64,512.424415755365,4185.23,4234.708294218061,1
1802939,PURCHASE,14.47,4305.07,4201.735221343613,2247.5,2310.55835889473,1
481409,PAYMENT,8.44,1456.75,1440.3070133031324,4656.0,4591.269752100855,1
276370,PAYMENT,99.79,4790.34,4720.973786749153,192.56,234.1431210519282,1
77493,CASH_OUT,72.16,1462.37,1310.6017555894584,3296.27,3366.491107627153,1
800028,PAYMENT,17.43,121.65,169.21019835616943,762.55,781.3120017179393,1
1524160,TRANSFER,13.03,897.93,958.2019870127361,1046.12,1069.7898215054536,1
208600,PAYMENT,13.47,2235.41,2208.942628531995,611.69,511.07827082727164,1
685641,CASH_OUT,29.82,2881.17,2792.314652534965,7387.74,7362.166689594251,1
1620872,PAYMENT,21.23,4165.66,4042.4642367707625,2865.57,2842.95598103029,1
155602,PAYMENT,367.88,24.47,0.0,1544.58,1931.9597162042576,1
1576331,PAYMENT,20.02,856.09,808.0621297160442,5540.3,5546.996235598493,1
797148,PAYMENT,118.38,274.4,209.78620647415485,3879.51,4017.655867025241,1
422327,TRANSFER,65.03,3877.28,3766.406679217233,2329.57,2306.9617378355233,1
986127,PAYMENT,51.87,3601.2,3531.815307220609,258.58,312.86721967291976,1
193642,TRANSFER,31.17,7134.54,7099.7725809509275,3194.29,3159.638389193132,1
1949909,CASH_OUT,42.69,1648.63,1609.8413799603518,2793.22,2809.1680596809047,1
1019164,PAYMENT,17.94,954.63,936.8669274514065,4100.05,4163.115856537927,1
2567893,PAYMENT,8.39,7660.76,7708.465104499966,3179.34,3188.9841472982525,1
788046,DEBIT,58.89,2268.36,2215.4402323893864,386.79,424.5172437449133,1
37708,DEBIT,8.1,2264.79,2329.1255565103866,2648.77,2682.7165495853524,1
1901835,PAYMENT,3.05,884.64,770.2948763657702,1140.03,1163.748533493179,0
2581785,PURCHASE,17.31,6605.07,6591.49116271649,3258.16,3198.275849288569,1
1525095,DEBIT,7.71,4077.53,4157.743166808991,1273.35,1331.5770909585528,1
1439499,PAYMENT,42.77,1076.15,1033.870104254234,3827.92,3838.026449889702,1
189274,TRANSFER,23.71,493.37,401.74701723218067,1515.77,1541.326930697853,1
529133,PAYMENT,9.64,507.86,545.665484677246,649.53,656.5975787537812,1
2119074,PAYMENT,72.76,4372.92,4341.628385973027,1603.79,1728.8853843597976,1
2488193,PAYMENT,228.45,1289.94,1153.0126102710478,1366.07,1678.618733861119,1
1231870,DEBIT,62.82,1871.02,1739.629722046849,1447.9,1427.4124240942392,1
371969,TRANSFER,98.54,2519.77,2446.9735221162027,58.24,149.08888556562746,1
1772065,TRANSFER,21.79,1450.03,1485.3995550997981,3407.29,3367.268711637546,1
511009,PAYMENT,105.69,3126.4,2995.509071885654,1928.04,1993.942113980173,1
1279462,PAYMENT,2.98,6404.75,6394.25164544516,353.76,305.71617817979933,1
697128,TRANSFER,28.51,1331.89,1312.016944546022,3400.86,3473.975317051585,1
289096,TRANSFER,12.11,1431.72,1375.9213417468543,1700.41,1706.0702725253404,1
1377386,PURCHASE,30.78,3261.73,3314.6919341662515,4246.53,4328.395152868547,1
426579,PAYMENT,10.8,284.36,373.30127869070986,1722.5,1658.1310050279303,1
1643250,DEBIT,165.22,5976.05,5853.414066114,1419.73,1605.238562540914,0
1250719,PURCHASE,12.2,2356.06,2365.7460478158123,1194.44,1206.9086016704612,1
828054,PAYMENT,26.29,3581.3,3466.226311442308,218.0,270.0839573716529,1
154688,PAYMENT,30.31,5397.11,5488.607508440578,3203.57,3221.046067733273,1
2023507,DEBIT,1.68,3142.91,3151.9008152947054,884.17,946.1392879839751,1
121615,PAYMENT,47.22,3247.27,3214.3936163340404,4282.47,4316.720217090853,1
2534796,PAYMENT,65.79,4525.29,4418.218745648444,2258.56,2367.3715262645505,1
2414068,PAYMENT,24.04,7448.34,7425.16516100471,1354.15,1328.6976114579732,1
763497,PAYMENT,6.81,4582.36,4613.035189617192,5562.18,5595.364031478424,1
1352528,PAYMENT,34.51,1687.7,1631.5136479576565,302.11,416.7300348631407,1
260117,PAYMENT,33.86,243.9,183.29267246296283,2613.3,2590.4478069101983,0
1027806,TRANSFER,31.81,2388.95,2364.1982324491723,745.71,759.7601352945576,1
836944,PAYMENT,12.16,2599.72,2577.1216599024847,253.79,315.08179426213275,1
2446656,TRANSFER,48.0,5301.61,5335.758762839882,3443.51,3551.561516596168,1
1090689,PAYMENT,8.4,1989.43,1937.7480823755575,3359.2,3389.8407702712534,1
2572651,PURCHASE,27.75,3061.87,2996.163548092604,3221.52,3275.7024221431857,1
1831931,TRANSFER,18.47,3189.17,3206.2679169244466,5997.81,6093.382623315306,1
1034578,PAYMENT,31.14,2320.46,2312.7935754500445,2631.59,2645.22534415736,1
664249,PAYMENT,27.61,149.98,19.069686069641094,747.38,814.5264958654639,1
2444694,PAYMENT,818.5,393.1,0.0,3266.36,4097.088565278108,1
1089295,CASH_OUT,9.09,1352.28,1383.4631826989773,2245.38,2245.3277544600346,1
402319,PAYMENT,25.94,3405.44,3418.55463878118,135.5,143.53456920400342,1
2166087,CASH_OUT,12.75,3550.35,3437.02950808763,1877.44,1921.1186015331841,1
1914139,TRANSFER,4.59,2763.76,2675.3068921497334,1305.31,1337.830772802691,1
707386,PAYMENT,2.9,7236.64,7159.205049577427,3316.86,3328.631099421384,1
1747160,PAYMENT,6.97,2804.19,2727.064779149977,678.18,644.1749566752218,1
620492,PAYMENT,40.34,3861.01,3854.975884997101,2368.84,2400.5947976082884,1
137106,TRANSFER,34.57,243.27,273.8464626771665,399.53,454.591946380847,1
73678,TRANSFER,94.04,396.67,352.88600200728865,3302.86,3280.930412225932,1
1627924,PAYMENT,2.97,1026.55,1084.3356830068167,712.58,660.1699363907217,1
529991,TRANSFER,35.4,5692.0,5686.1280575179835,1074.63,1109.8562487251866,1
2127543,PAYMENT,19.6,1447.34,1516.5953084779565,4724.77,4752.561631404695,1
879916,PAYMENT,14.32,4870.69,4776.34285580159,2471.87,2509.0875091910143,1
1079531,PAYMENT,4.44,3251.38,3279.3140827870893,1313.4,1316.6401331280101,1
707675,CASH_OUT,17.81,2511.54,2562.895794033142,2993.47,3050.5495935812623,1
2381868,TRANSFER,21.38,3303.11,3320.8969004054225,3443.6,3480.261881187594,1
1157117,PAYMENT,23.09,731.66,754.05169458009,3080.44,3174.4575044066,1
41470,PAYMENT,16.12,3925.25,3923.1296004995515,2134.86,2294.4883381013087,1
1405038,PAYMENT,61.99,3613.57,3506.1929731409573,2699.18,2801.1675349738275,1
2582577,PAYMENT,15.28,228.38,233.25352044573003,966.01,1008.8505169349421,1
2465488,TRANSFER,203.26,4269.23,4025.8833122293818,442.35,617.8426082329719,1
138281,PAYMENT,12.89,4463.53,4427.995115250931,832.08,913.3538529270414,1
2106842,CASH_OUT,20.53,7028.58,7019.2536074923655,1461.15,1489.1918642090786,1
564143,PURCHASE,165.82,980.66,771.066666947733,1006.62,1156.2254238879418,1
2017553,PAYMENT,28.1,4568.12,4463.784567318325,4415.81,4429.847134944543,1
2096774,CASH_OUT,63.54,1512.17,1475.1879093366488,3162.99,3215.780810988141,1
1340054,CASH_OUT,16.94,2598.45,2669.880209758868,2668.73,2726.6150743858802,1
2082895,PAYMENT,4.52,1998.07,2017.8585681426673,3012.41,3035.177449060478,1
1349706,CASH_OUT,18.31,4720.06,4747.143477260022,2917.85,2904.837290874314,1
1721506,PAYMENT,16.73,5423.39,5403.119903909388,673.06,776.2769336138114,1
1633960,PAYMENT,4.97,5140.73,5221.860180307255,2930.23,2874.2507166551673,1
629414,PAYMENT,54.42,3203.52,3244.8904158960095,3147.32,3246.244071184072,1
183286,PAYMENT,10.64,576.15,573.2427029920383,1891.39,1973.418162489485,1
349845,TRANSFER,53.4,4152.45,4177.544194494161,1149.18,1264.4606435071094,1
1354912,PAYMENT,92.26,4069.23,4048.1497667663025,3697.58,3791.419465548354,1
572716,DEBIT,30.52,1254.56,1205.461937036322,728.62,797.6607040885514,1
2094889,TRANSFER,95.19,1515.91,1497.4673799975399,2789.52,2920.5676352900114,1
703335,PURCHASE,31.75,1364.82,1246.8615721203541,1543.49,1596.4297618001897,1
1839003,PAYMENT,10.27,2887.9,2860.575818001729,5331.99,5389.538043739183,1
841087,PURCHASE,3.84,4431.32,4410.183873788543,1394.24,1333.536001956699,1
1516817,CASH_OUT,17.92,3823.32,3724.2533195876854,220.07,200.79798531380715,1
1989379,CASH_OUT,30.14,995.86,945.693577043611,1531.49,1593.085510379739,0
1452317,TRANSFER,10.38,3486.76,3543.758080451448,2458.43,2481.3280485498785,1
1279611,DEBIT,7.37,1381.61,1380.4802677622138,2242.14,2307.5384719014255,1
839133,PAYMENT,21.81,4118.9,4124.843608027418,2297.82,2219.985424492777,1
39603,CASH_OUT,16.06,807.03,739.5663538821277,142.27,200.82117382320246,1
1710324,CASH_OUT,18.33,1979.92,1956.7479222853665,2024.82,2057.3733012260327,1
1456064,DEBIT,4.97,3139.23,3235.4771483684813,876.96,851.97992617548,1
243368,DEBIT,52.15,5732.83,5718.511501221385,3030.32,3103.0363069500418,1
428565,PAYMENT,16.77,818.86,838.5204412262185,4770.28,4673.094872623459,1
1947546,PURCHASE,38.85,2286.73,2196.463305451008,4982.54,5056.403693704294,1
298127,DEBIT,34.84,3240.18,3248.779163455663,1738.6,1762.8787730620381,1
1554193,DEBIT,23.01,156.93,135.53357000374737,1056.38,1058.9279712587072,1
219402,PAYMENT,48.62,4471.47,4446.7542906353965,6935.5,6977.2063674577885,1
542353,PURCHASE,87.33,2673.74,2637.3301342261157,3661.05,3800.792720153067,1
997507,PAYMENT,15.98,6818.38,6825.843136197042,980.11,1041.6291350740146,1
2149351,TRANSFER,2.58,2700.2,2733.1356336651625,255.81,262.0954375544192,1
1605193,PAYMENT,10.66,4503.43,4435.163626295656,1024.96,1107.1368792483286,1
2507549,TRANSFER,1.33,9194.35,9163.48297407228,2278.42,2353.6719567301893,1
351427,TRANSFER,17.25,375.16,390.05743377046144,1287.62,1413.25143862081,1
1872336,CASH_OUT,20.99,2154.99,2112.853439180133,3193.23,3308.0720009468146,1
11908,TRANSFER,521.02,5613.11,5085.340623528074,2545.01,2963.5364079661113,1
1139133,TRANSFER,10.04,2368.97,2333.6614477361377,632.97,640.961732556095,1
2455386,TRANSFER,21.13,5554.86,5522.073341418045,4617.08,4652.356961028435,1
2078854,PAYMENT,8.21,1604.89,1625.9144341989745,3702.21,3648.8713726260253,1
454688,CASH_OUT,5.02,2581.01,2492.3637890029404,6367.55,6392.249834831936,1
1616977,PURCHASE,25.98,4438.55,4449.437840236659,2237.73,2233.24598519593,1
526710,PURCHASE,7.11,602.19,525.3312660540718,3521.56,3603.6753184805066,1
1361653,PAYMENT,14.84,2244.7,2276.4615160131057,480.1,574.473550376751,1
2234661,PURCHASE,15.15,6593.32,6670.434502074314,939.87,888.7189720709521,1
1787163,DEBIT,0.69,1349.41,1265.9158657022333,1676.94,1693.5504468903478,1
1884091,PURCHASE,10.25,5753.47,5724.843319752687,3134.86,3171.0878212177563,1
497238,PURCHASE,28.05,3981.28,3946.792968022892,2885.42,2875.9454076724073,1
2320392,PAYMENT,22.14,1737.89,1657.5994533329895,1176.69,1291.0039916656835,1
1396024,TRANSFER,19.84,4944.89,4880.3425555531385,5501.58,5563.444826217875,1
1596189,PAYMENT,10.01,2188.59,2191.9463478711073,3381.22,3362.7246264487007,1
